Workbook
Name 불량: #REF!
Name 불량유형: #REF!
Name 생산이력: 표1[]
Name 제품: #REF!

Sheet 생산현황
A1: 2026년 5월생산이력
A2: 날짜 | B2: 설비 구분 | C2: G.S 구분 | D2: 설비명 | E2: 품번 | F2: 제품유형 | G2: C/V | H2: 판수 | I2: 불량수량 | J2: 실적수량 | K2: 작업자 | L2: 주/야 | M2: 시작 | N2: 종료 | O2: 작업시간 | P2: 비가동 시간 | Q2: 비가동 사유 | R2: 평균SHOT | S2: 일일판수 | T2: 단가 | U2: 생산금액(원) | V2: GRADE | W2: 1SHOT 중량 | X2: 총 사용량(g) | Y2: 원재료 비용(원) | Z2: 총 원재료 비용(원) | AA2: 비고(비가동 사유) | AB2: 공장구분
A3: 46145 | B3: PRESS | C3: S | D3: PS01-1 | E3: R600116 | F3: =VLOOKUP(표1[[#This Row],[품번]],[1]!품번구분[#Data],2,0) -> S | G3: 220 | H3: 55 | I3: 55 | J3: =표1[[#This Row],[C/V]]*표1[[#This Row],[판수]]-표1[[#This Row],[불량수량]] -> 12045 | K3: 티시우 | L3: 주간 | M3: 0.33333333 | N3: 0.75 | O3: =IF(M3-N3=0,0,ABS(IF(OR(L3="야간",L3="특야"),IF(N3>M3,(N3-M3)*1440,(N3+1-M3)*1440),(N3-M3)*1440))-IF($L3="연장",IF(AND([1]근무시간!$F$6>$M3,[1]근무시간!$G$6<$N3,[1]근무시간!$F$5<$M3),40,IF(AND([1]근무시간!$F$5>$M3,[1]근무시간!$G$6<$N3),100,IF(AND([1]근무시간!$F$5>$M3,[1]근무시간!$G$5<$N3,[1]근무시간!$G$6>$N3),60,0))),IF($L3="주간",IF(AND([1]근무시간!$F$10>$M3,[1]근무시간!$G$10<$N3),60,0),IF($L3="야간",IF($M3<[1]근무시간!$G$7,IF(AND([1]근무시간!$F$8>$M3,[1]근무시간!$G$8<$N3),60,0),IF(AND($M3>=[1]근무시간!$F$7,$N3<=[1]근무시간!$G$7,$N3<[1]근무시간!$G$14),IF([1]근무시간!$G$8<$N3,60,0),0)),IF($L3="특야",IF(AND($M3>[1]근무시간!#REF!,$M3<[1]근무시간!$F$12,$N3>[1]근무시간!$G$12),60,IF(AND(OR($M3>=[1]근무시간!$F$11,$M3<[1]근무시간!#REF!),$N3>[1]근무시간!$G$12),90,IF(AND(OR($M3>=[1]근무시간!$F$11,$M3<[1]근무시간!#REF!),$N3>[1]근무시간!#REF!),30,0))),0))))-IF(L3="비가동",IF(AND(WEEKDAY(A3)<>1,WEEKDAY(A3)<>7),IF(AND([1]근무시간!$F$6>$M3,[1]근무시간!$F$5<$M3,[1]근무시간!$G$6<$N3),40,IF(AND([1]근무시간!$F$5>$M3,[1]근무시간!$F$4<=$M3,[1]근무시간!$G$6<$N3),100,IF(AND([1]근무시간!$F$5>$M3,[1]근무시간!$F$4<=$M3,[1]근무시간!$G$5<$N3),60,IF(AND(OR([1]근무시간!$F$7<=$M3,[1]근무시간!$F$8>$M3),[1]근무시간!$G$8<IF($N3>=1,$N3-1,$N3),[1]근무시간!$G$7>=IF($N3>=1,$N3-1,$N3)),60,0)))),IF(OR(AND([1]근무시간!$F$10>$M3,[1]근무시간!$F$9<=$M3,[1]근무시간!$G$10<$N3),AND($M3>[1]근무시간!#REF!,$M3<[1]근무시간!$F$12,$N3>[1]근무시간!$G$12)),60,IF(AND(OR([1]근무시간!$F$11<=$M3,[1]근무시간!$F$12>IF($M3>1,$M3-1, $M3)),[1]근무시간!$G$12<IF($N3>=1,$N3-1,$N3)),90,IF(AND(OR([1]근무시간!$F$11<=$M3,[1]근무시간!#REF!>$M3),[1]근무시간!#REF!<IF($N3>1,$N3-1,$N3)),30,0)))),SUMIFS(O:O,$A:$A,A3,$D:$D,D3,$K:$K,K3,$L:$L,"비가동",$E:$E,E3))) -> 395 | P3: =IF(L3="비가동",0,SUMIFS(O:O,$A:$A,A3,$D:$D,D3,$K:$K,K3,$L:$L,"비가동",$E:$E,E3)) -> 145 | R3: =IF(H3=0,"",H3/O3*60) -> 8.3544304 | S3: =SUMIFS(H:H,$A:$A,A3,$D:$D,D3,$E:$E,E3) -> 163 | T3: =IF(L3="비가동",0,VLOOKUP(E3,[1]단가!$D$4:$G$1048576,4,0)) -> 36.72 | U3: =IF(L3="비가동",0,T3*J3) -> 442292.4 | V3: =IF($L3="비가동",0,IF($B3="in",VLOOKUP($E3,[1]투입량!$M:$T,3,FALSE),VLOOKUP($E3,[1]투입량!$D:$I,3,FALSE))) -> SI4022 | W3: =IF($L3="비가동",0,IF($B3="in",VLOOKUP($E3,[1]투입량!$M:$T,6,FALSE),VLOOKUP($E3,[1]투입량!$D:$I,5,FALSE))) -> 60 | X3: =IF(L3="비가동",0,(W3*1.1)*H3) -> 3630 | Y3: =IF(V3=0,0,VLOOKUP(V3,[1]원재료!C:H,3,0)*0.001) -> 10.15 | Z3: =Y3*X3 -> 36844.5 | AB3: 1공장
A4: 46145 | B4: PRESS | C4: S | D4: PS01-1 | E4: R600116 | F4: =VLOOKUP(표1[[#This Row],[품번]],[1]!품번구분[#Data],2,0) -> S | J4: =표1[[#This Row],[C/V]]*표1[[#This Row],[판수]]-표1[[#This Row],[불량수량]] -> 0 | K4: 티시우 | L4: 비가동 | M4: 0.33333333 | N4: 0.43402778 | O4: 145 | P4: 0 | Q4: 설비이상 | R4: =IF(H4=0,"",H4/O4*60) | S4: =SUMIFS(H:H,$A:$A,A4,$D:$D,D4,$E:$E,E4) -> 163 | T4: =IF(L4="비가동",0,VLOOKUP(E4,[1]단가!$D$4:$G$1048576,4,0)) -> 0 | U4: =IF(L4="비가동",0,T4*J4) -> 0 | V4: =IF($L4="비가동",0,IF($B4="in",VLOOKUP($E4,[1]투입량!$M:$T,3,FALSE),VLOOKUP($E4,[1]투입량!$D:$I,3,FALSE))) -> 0 | W4: =IF($L4="비가동",0,IF($B4="in",VLOOKUP($E4,[1]투입량!$M:$T,6,FALSE),VLOOKUP($E4,[1]투입량!$D:$I,5,FALSE))) -> 0 | X4: =IF(L4="비가동",0,(W4*1.1)*H4) -> 0 | Y4: =IF(V4=0,0,VLOOKUP(V4,[1]원재료!C:H,3,0)*0.001) -> 0 | Z4: =Y4*X4 -> 0 | AA4: 상히타 단선(3, 4번) | AB4: 1공장
A5: 46145 | B5: PRESS | C5: S | D5: PS01-2 | E5: R602252 | F5: =VLOOKUP(표1[[#This Row],[품번]],[1]!품번구분[#Data],2,0) -> S | G5: 190 | H5: 77 | I5: 77 | J5: =표1[[#This Row],[C/V]]*표1[[#This Row],[판수]]-표1[[#This Row],[불량수량]] -> 14553 | K5: 티시우 | L5: 주간 | M5: 0.33333333 | N5: 0.75 | O5: 540 | P5: 0 | R5: =IF(H5=0,"",H5/O5*60) -> 8.5555556 | S5: =SUMIFS(H:H,$A:$A,A5,$D:$D,D5,$E:$E,E5) -> 185 | T5: =IF(L5="비가동",0,VLOOKUP(E5,[1]단가!$D$4:$G$1048576,4,0)) -> 24 | U5: =IF(L5="비가동",0,T5*J5) -> 349272 | V5: =IF($L5="비가동",0,IF($B5="in",VLOOKUP($E5,[1]투입량!$M:$T,3,FALSE),VLOOKUP($E5,[1]투입량!$D:$I,3,FALSE))) -> SI3020 | W5: =IF($L5="비가동",0,IF($B5="in",VLOOKUP($E5,[1]투입량!$M:$T,6,FALSE),VLOOKUP($E5,[1]투입량!$D:$I,5,FALSE))) -> 208 | X5: =IF(L5="비가동",0,(W5*1.1)*H5) -> 17617.6 | Y5: =IF(V5=0,0,VLOOKUP(V5,[1]원재료!C:H,3,0)*0.001) -> 9.85 | Z5: =Y5*X5 -> 173533.36 | AB5: 1공장
A6: 46145 | B6: PRESS | C6: S | D6: PS01-3 | E6: NU 615470 | F6: =VLOOKUP(표1[[#This Row],[품번]],[1]!품번구분[#Data],2,0) -> G | G6: 90 | H6: 77 | J6: =표1[[#This Row],[C/V]]*표1[[#This Row],[판수]]-표1[[#This Row],[불량수량]] -> 6930 | K6: 티시우 | L6: 주간 | M6: 0.33333333 | N6: 0.75 | O6: 540 | P6: 0 | R6: =IF(H6=0,"",H6/O6*60) -> 8.5555556 | S6: =SUMIFS(H:H,$A:$A,A6,$D:$D,D6,$E:$E,E6) -> 185 | T6: =IF(L6="비가동",0,VLOOKUP(E6,[1]단가!$D$4:$G$1048576,4,0)) -> 60 | U6: =IF(L6="비가동",0,T6*J6) -> 415800 | V6: =IF($L6="비가동",0,IF($B6="in",VLOOKUP($E6,[1]투입량!$M:$T,3,FALSE),VLOOKUP($E6,[1]투입량!$D:$I,3,FALSE))) -> SI4027K | W6: =IF($L6="비가동",0,IF($B6="in",VLOOKUP($E6,[1]투입량!$M:$T,6,FALSE),VLOOKUP($E6,[1]투입량!$D:$I,5,FALSE))) -> 330 | X6: =IF(L6="비가동",0,(W6*1.1)*H6) -> 27951 | Y6: =IF(V6=0,0,VLOOKUP(V6,[1]원재료!C:H,3,0)*0.001) -> 9 | Z6: =Y6*X6 -> 251559 | AB6: 1공장
A7: 46145 | B7: PRESS | C7: S | D7: PS01-1 | E7: R600116 | F7: =VLOOKUP(표1[[#This Row],[품번]],[1]!품번구분[#Data],2,0) -> S | G7: 220 | H7: 108 | I7: 108 | J7: =표1[[#This Row],[C/V]]*표1[[#This Row],[판수]]-표1[[#This Row],[불량수량]] -> 23652 | K7: 티히엔(C) | L7: 특야 | M7: 0.75 | N7: 0.33333333 | O7: 750 | P7: 0 | R7: =IF(H7=0,"",H7/O7*60) -> 8.64 | S7: =SUMIFS(H:H,$A:$A,A7,$D:$D,D7,$E:$E,E7) -> 163 | T7: =IF(L7="비가동",0,VLOOKUP(E7,[1]단가!$D$4:$G$1048576,4,0)) -> 36.72 | U7: =IF(L7="비가동",0,T7*J7) -> 868501.44 | V7: =IF($L7="비가동",0,IF($B7="in",VLOOKUP($E7,[1]투입량!$M:$T,3,FALSE),VLOOKUP($E7,[1]투입량!$D:$I,3,FALSE))) -> SI4022 | W7: =IF($L7="비가동",0,IF($B7="in",VLOOKUP($E7,[1]투입량!$M:$T,6,FALSE),VLOOKUP($E7,[1]투입량!$D:$I,5,FALSE))) -> 60 | X7: =IF(L7="비가동",0,(W7*1.1)*H7) -> 7128 | Y7: =IF(V7=0,0,VLOOKUP(V7,[1]원재료!C:H,3,0)*0.001) -> 10.15 | Z7: =Y7*X7 -> 72349.2 | AB7: 1공장
A8: 46145 | B8: PRESS | C8: S | D8: PS01-2 | E8: R602252 | F8: =VLOOKUP(표1[[#This Row],[품번]],[1]!품번구분[#Data],2,0) -> S | G8: 190 | H8: 108 | I8: 108 | J8: =표1[[#This Row],[C/V]]*표1[[#This Row],[판수]]-표1[[#This Row],[불량수량]] -> 20412 | K8: 티히엔(C) | L8: 특야 | M8: 0.75 | N8: 0.33333333 | O8: 750 | P8: 0 | R8: =IF(H8=0,"",H8/O8*60) -> 8.64 | S8: =SUMIFS(H:H,$A:$A,A8,$D:$D,D8,$E:$E,E8) -> 185 | T8: =IF(L8="비가동",0,VLOOKUP(E8,[1]단가!$D$4:$G$1048576,4,0)) -> 24 | U8: =IF(L8="비가동",0,T8*J8) -> 489888 | V8: =IF($L8="비가동",0,IF($B8="in",VLOOKUP($E8,[1]투입량!$M:$T,3,FALSE),VLOOKUP($E8,[1]투입량!$D:$I,3,FALSE))) -> SI3020 | W8: =IF($L8="비가동",0,IF($B8="in",VLOOKUP($E8,[1]투입량!$M:$T,6,FALSE),VLOOKUP($E8,[1]투입량!$D:$I,5,FALSE))) -> 208 | X8: =IF(L8="비가동",0,(W8*1.1)*H8) -> 24710.4 | Y8: =IF(V8=0,0,VLOOKUP(V8,[1]원재료!C:H,3,0)*0.001) -> 9.85 | Z8: =Y8*X8 -> 243397.44 | AB8: 1공장
A9: 46145 | B9: PRESS | C9: S | D9: PS01-3 | E9: NU 615470 | F9: =VLOOKUP(표1[[#This Row],[품번]],[1]!품번구분[#Data],2,0) -> G | G9: 90 | H9: 108 | J9: =표1[[#This Row],[C/V]]*표1[[#This Row],[판수]]-표1[[#This Row],[불량수량]] -> 9720 | K9: 티히엔(C) | L9: 특야 | M9: 0.75 | N9: 0.33333333 | O9: 750 | P9: 0 | R9: =IF(H9=0,"",H9/O9*60) -> 8.64 | S9: =SUMIFS(H:H,$A:$A,A9,$D:$D,D9,$E:$E,E9) -> 185 | T9: =IF(L9="비가동",0,VLOOKUP(E9,[1]단가!$D$4:$G$1048576,4,0)) -> 60 | U9: =IF(L9="비가동",0,T9*J9) -> 583200 | V9: =IF($L9="비가동",0,IF($B9="in",VLOOKUP($E9,[1]투입량!$M:$T,3,FALSE),VLOOKUP($E9,[1]투입량!$D:$I,3,FALSE))) -> SI4027K | W9: =IF($L9="비가동",0,IF($B9="in",VLOOKUP($E9,[1]투입량!$M:$T,6,FALSE),VLOOKUP($E9,[1]투입량!$D:$I,5,FALSE))) -> 330 | X9: =IF(L9="비가동",0,(W9*1.1)*H9) -> 39204 | Y9: =IF(V9=0,0,VLOOKUP(V9,[1]원재료!C:H,3,0)*0.001) -> 9 | Z9: =Y9*X9 -> 352836 | AB9: 1공장
A10: 46145 | B10: PRESS | C10: S | D10: PS02-2 | E10: 230202 | F10: =VLOOKUP(표1[[#This Row],[품번]],[1]!품번구분[#Data],2,0) -> G | G10: 900 | H10: 32 | I10: 224 | J10: =표1[[#This Row],[C/V]]*표1[[#This Row],[판수]]-표1[[#This Row],[불량수량]] -> 28576 | K10: 반화 | L10: 특야 | M10: 0.75 | N10: 0.33333333 | O10: 610 | P10: 140 | R10: =IF(H10=0,"",H10/O10*60) -> 3.147541 | S10: =SUMIFS(H:H,$A:$A,A10,$D:$D,D10,$E:$E,E10) -> 32 | T10: =IF(L10="비가동",0,VLOOKUP(E10,[1]단가!$D$4:$G$1048576,4,0)) -> 100 | U10: =IF(L10="비가동",0,T10*J10) -> 2857600 | V10: =IF($L10="비가동",0,IF($B10="in",VLOOKUP($E10,[1]투입량!$M:$T,3,FALSE),VLOOKUP($E10,[1]투입량!$D:$I,3,FALSE))) -> Q4020 | W10: =IF($L10="비가동",0,IF($B10="in",VLOOKUP($E10,[1]투입량!$M:$T,6,FALSE),VLOOKUP($E10,[1]투입량!$D:$I,5,FALSE))) -> 60 | X10: =IF(L10="비가동",0,(W10*1.1)*H10) -> 2112 | Y10: =IF(V10=0,0,VLOOKUP(V10,[1]원재료!C:H,3,0)*0.001) -> 10.45 | Z10: =Y10*X10 -> 22070.4 | AB10: 1공장
A11: 46145 | B11: PRESS | C11: S | D11: PS02-2 | E11: 230202 | F11: =VLOOKUP(표1[[#This Row],[품번]],[1]!품번구분[#Data],2,0) -> G | J11: =표1[[#This Row],[C/V]]*표1[[#This Row],[판수]]-표1[[#This Row],[불량수량]] -> 0 | K11: 반화 | L11: 비가동 | M11: 0.75 | N11: 0.79166667 | O11: 60 | P11: 0 | Q11: 근태변경 | R11: =IF(H11=0,"",H11/O11*60) | S11: =SUMIFS(H:H,$A:$A,A11,$D:$D,D11,$E:$E,E11) -> 32 | T11: =IF(L11="비가동",0,VLOOKUP(E11,[1]단가!$D$4:$G$1048576,4,0)) -> 0 | U11: =IF(L11="비가동",0,T11*J11) -> 0 | V11: =IF($L11="비가동",0,IF($B11="in",VLOOKUP($E11,[1]투입량!$M:$T,3,FALSE),VLOOKUP($E11,[1]투입량!$D:$I,3,FALSE))) -> 0 | W11: =IF($L11="비가동",0,IF($B11="in",VLOOKUP($E11,[1]투입량!$M:$T,6,FALSE),VLOOKUP($E11,[1]투입량!$D:$I,5,FALSE))) -> 0 | X11: =IF(L11="비가동",0,(W11*1.1)*H11) -> 0 | Y11: =IF(V11=0,0,VLOOKUP(V11,[1]원재료!C:H,3,0)*0.001) -> 0 | Z11: =Y11*X11 -> 0 | AA11: 현장 관리 병행 | AB11: 1공장
A12: 46145 | B12: PRESS | C12: S | D12: PS02-2 | E12: 230202 | F12: =VLOOKUP(표1[[#This Row],[품번]],[1]!품번구분[#Data],2,0) -> G | J12: =표1[[#This Row],[C/V]]*표1[[#This Row],[판수]]-표1[[#This Row],[불량수량]] -> 0 | K12: 반화 | L12: 비가동 | M12: 0.27777778 | N12: 0.33333333 | O12: 80 | P12: 0 | Q12: 근태변경 | R12: =IF(H12=0,"",H12/O12*60) | S12: =SUMIFS(H:H,$A:$A,A12,$D:$D,D12,$E:$E,E12) -> 32 | T12: =IF(L12="비가동",0,VLOOKUP(E12,[1]단가!$D$4:$G$1048576,4,0)) -> 0 | U12: =IF(L12="비가동",0,T12*J12) -> 0 | V12: =IF($L12="비가동",0,IF($B12="in",VLOOKUP($E12,[1]투입량!$M:$T,3,FALSE),VLOOKUP($E12,[1]투입량!$D:$I,3,FALSE))) -> 0 | W12: =IF($L12="비가동",0,IF($B12="in",VLOOKUP($E12,[1]투입량!$M:$T,6,FALSE),VLOOKUP($E12,[1]투입량!$D:$I,5,FALSE))) -> 0 | X12: =IF(L12="비가동",0,(W12*1.1)*H12) -> 0 | Y12: =IF(V12=0,0,VLOOKUP(V12,[1]원재료!C:H,3,0)*0.001) -> 0 | Z12: =Y12*X12 -> 0 | AA12: 현장 관리 병행 | AB12: 1공장
A13: 46145 | B13: PRESS | C13: S | D13: PS03-1 | E13: R600050 | F13: =VLOOKUP(표1[[#This Row],[품번]],[1]!품번구분[#Data],2,0) -> S | G13: 252 | H13: 83 | J13: =표1[[#This Row],[C/V]]*표1[[#This Row],[판수]]-표1[[#This Row],[불량수량]] -> 20916 | K13: 응안 | L13: 주간 | M13: 0.33333333 | N13: 0.75 | O13: 540 | P13: 0 | R13: =IF(H13=0,"",H13/O13*60) -> 9.2222222 | S13: =SUMIFS(H:H,$A:$A,A13,$D:$D,D13,$E:$E,E13) -> 201 | T13: =IF(L13="비가동",0,VLOOKUP(E13,[1]단가!$D$4:$G$1048576,4,0)) -> 25.09 | U13: =IF(L13="비가동",0,T13*J13) -> 524782.44 | V13: =IF($L13="비가동",0,IF($B13="in",VLOOKUP($E13,[1]투입량!$M:$T,3,FALSE),VLOOKUP($E13,[1]투입량!$D:$I,3,FALSE))) -> SI4022 | W13: =IF($L13="비가동",0,IF($B13="in",VLOOKUP($E13,[1]투입량!$M:$T,6,FALSE),VLOOKUP($E13,[1]투입량!$D:$I,5,FALSE))) -> 354 | X13: =IF(L13="비가동",0,(W13*1.1)*H13) -> 32320.2 | Y13: =IF(V13=0,0,VLOOKUP(V13,[1]원재료!C:H,3,0)*0.001) -> 10.15 | Z13: =Y13*X13 -> 328050.03 | AB13: 1공장
A14: 46145 | B14: PRESS | C14: S | D14: PS03-2 | E14: R600063 | F14: =VLOOKUP(표1[[#This Row],[품번]],[1]!품번구분[#Data],2,0) -> S | G14: 170 | H14: 83 | I14: 83 | J14: =표1[[#This Row],[C/V]]*표1[[#This Row],[판수]]-표1[[#This Row],[불량수량]] -> 14027 | K14: 응안 | L14: 주간 | M14: 0.33333333 | N14: 0.75 | O14: 540 | P14: 0 | R14: =IF(H14=0,"",H14/O14*60) -> 9.2222222 | S14: =SUMIFS(H:H,$A:$A,A14,$D:$D,D14,$E:$E,E14) -> 201 | T14: =IF(L14="비가동",0,VLOOKUP(E14,[1]단가!$D$4:$G$1048576,4,0)) -> 19.73 | U14: =IF(L14="비가동",0,T14*J14) -> 276752.71 | V14: =IF($L14="비가동",0,IF($B14="in",VLOOKUP($E14,[1]투입량!$M:$T,3,FALSE),VLOOKUP($E14,[1]투입량!$D:$I,3,FALSE))) -> SI4022 | W14: =IF($L14="비가동",0,IF($B14="in",VLOOKUP($E14,[1]투입량!$M:$T,6,FALSE),VLOOKUP($E14,[1]투입량!$D:$I,5,FALSE))) -> 130 | X14: =IF(L14="비가동",0,(W14*1.1)*H14) -> 11869 | Y14: =IF(V14=0,0,VLOOKUP(V14,[1]원재료!C:H,3,0)*0.001) -> 10.15 | Z14: =Y14*X14 -> 120470.35 | AB14: 1공장
A15: 46145 | B15: PRESS | C15: S | D15: PS03-3 | E15: GL3 610853 | F15: =VLOOKUP(표1[[#This Row],[품번]],[1]!품번구분[#Data],2,0) -> G | G15: 160 | H15: 83 | J15: =표1[[#This Row],[C/V]]*표1[[#This Row],[판수]]-표1[[#This Row],[불량수량]] -> 13280 | K15: 응안 | L15: 주간 | M15: 0.33333333 | N15: 0.75 | O15: 540 | P15: 0 | R15: =IF(H15=0,"",H15/O15*60) -> 9.2222222 | S15: =SUMIFS(H:H,$A:$A,A15,$D:$D,D15,$E:$E,E15) -> 201 | T15: =IF(L15="비가동",0,VLOOKUP(E15,[1]단가!$D$4:$G$1048576,4,0)) -> 41 | U15: =IF(L15="비가동",0,T15*J15) -> 544480 | V15: =IF($L15="비가동",0,IF($B15="in",VLOOKUP($E15,[1]투입량!$M:$T,3,FALSE),VLOOKUP($E15,[1]투입량!$D:$I,3,FALSE))) -> Q4020 | W15: =IF($L15="비가동",0,IF($B15="in",VLOOKUP($E15,[1]투입량!$M:$T,6,FALSE),VLOOKUP($E15,[1]투입량!$D:$I,5,FALSE))) -> 200 | X15: =IF(L15="비가동",0,(W15*1.1)*H15) -> 18260 | Y15: =IF(V15=0,0,VLOOKUP(V15,[1]원재료!C:H,3,0)*0.001) -> 10.45 | Z15: =Y15*X15 -> 190817 | AB15: 1공장
A16: 46145 | B16: PRESS | C16: S | D16: PS03-1 | E16: R600050 | F16: =VLOOKUP(표1[[#This Row],[품번]],[1]!품번구분[#Data],2,0) -> S | G16: 252 | H16: 118 | J16: =표1[[#This Row],[C/V]]*표1[[#This Row],[판수]]-표1[[#This Row],[불량수량]] -> 29736 | K16: 튀린(B) | L16: 특야 | M16: 0.75 | N16: 0.33333333 | O16: 750 | P16: 0 | R16: =IF(H16=0,"",H16/O16*60) -> 9.44 | S16: =SUMIFS(H:H,$A:$A,A16,$D:$D,D16,$E:$E,E16) -> 201 | T16: =IF(L16="비가동",0,VLOOKUP(E16,[1]단가!$D$4:$G$1048576,4,0)) -> 25.09 | U16: =IF(L16="비가동",0,T16*J16) -> 746076.24 | V16: =IF($L16="비가동",0,IF($B16="in",VLOOKUP($E16,[1]투입량!$M:$T,3,FALSE),VLOOKUP($E16,[1]투입량!$D:$I,3,FALSE))) -> SI4022 | W16: =IF($L16="비가동",0,IF($B16="in",VLOOKUP($E16,[1]투입량!$M:$T,6,FALSE),VLOOKUP($E16,[1]투입량!$D:$I,5,FALSE))) -> 354 | X16: =IF(L16="비가동",0,(W16*1.1)*H16) -> 45949.2 | Y16: =IF(V16=0,0,VLOOKUP(V16,[1]원재료!C:H,3,0)*0.001) -> 10.15 | Z16: =Y16*X16 -> 466384.38 | AB16: 1공장
A17: 46145 | B17: PRESS | C17: S | D17: PS03-2 | E17: R600063 | F17: =VLOOKUP(표1[[#This Row],[품번]],[1]!품번구분[#Data],2,0) -> S | G17: 170 | H17: 118 | I17: 118 | J17: =표1[[#This Row],[C/V]]*표1[[#This Row],[판수]]-표1[[#This Row],[불량수량]] -> 19942 | K17: 튀린(B) | L17: 특야 | M17: 0.75 | N17: 0.33333333 | O17: 750 | P17: 0 | R17: =IF(H17=0,"",H17/O17*60) -> 9.44 | S17: =SUMIFS(H:H,$A:$A,A17,$D:$D,D17,$E:$E,E17) -> 201 | T17: =IF(L17="비가동",0,VLOOKUP(E17,[1]단가!$D$4:$G$1048576,4,0)) -> 19.73 | U17: =IF(L17="비가동",0,T17*J17) -> 393455.66 | V17: =IF($L17="비가동",0,IF($B17="in",VLOOKUP($E17,[1]투입량!$M:$T,3,FALSE),VLOOKUP($E17,[1]투입량!$D:$I,3,FALSE))) -> SI4022 | W17: =IF($L17="비가동",0,IF($B17="in",VLOOKUP($E17,[1]투입량!$M:$T,6,FALSE),VLOOKUP($E17,[1]투입량!$D:$I,5,FALSE))) -> 130 | X17: =IF(L17="비가동",0,(W17*1.1)*H17) -> 16874 | Y17: =IF(V17=0,0,VLOOKUP(V17,[1]원재료!C:H,3,0)*0.001) -> 10.15 | Z17: =Y17*X17 -> 171271.1 | AB17: 1공장
A18: 46145 | B18: PRESS | C18: S | D18: PS03-3 | E18: GL3 610853 | F18: =VLOOKUP(표1[[#This Row],[품번]],[1]!품번구분[#Data],2,0) -> G | G18: 160 | H18: 118 | J18: =표1[[#This Row],[C/V]]*표1[[#This Row],[판수]]-표1[[#This Row],[불량수량]] -> 18880 | K18: 튀린(B) | L18: 특야 | M18: 0.75 | N18: 0.33333333 | O18: 750 | P18: 0 | R18: =IF(H18=0,"",H18/O18*60) -> 9.44 | S18: =SUMIFS(H:H,$A:$A,A18,$D:$D,D18,$E:$E,E18) -> 201 | T18: =IF(L18="비가동",0,VLOOKUP(E18,[1]단가!$D$4:$G$1048576,4,0)) -> 41 | U18: =IF(L18="비가동",0,T18*J18) -> 774080 | V18: =IF($L18="비가동",0,IF($B18="in",VLOOKUP($E18,[1]투입량!$M:$T,3,FALSE),VLOOKUP($E18,[1]투입량!$D:$I,3,FALSE))) -> Q4020 | W18: =IF($L18="비가동",0,IF($B18="in",VLOOKUP($E18,[1]투입량!$M:$T,6,FALSE),VLOOKUP($E18,[1]투입량!$D:$I,5,FALSE))) -> 200 | X18: =IF(L18="비가동",0,(W18*1.1)*H18) -> 25960 | Y18: =IF(V18=0,0,VLOOKUP(V18,[1]원재료!C:H,3,0)*0.001) -> 10.45 | Z18: =Y18*X18 -> 271282 | AB18: 1공장
A19: 46145 | B19: PRESS | C19: S | D19: PS04-1 | E19: 681114 | F19: =VLOOKUP(표1[[#This Row],[품번]],[1]!품번구분[#Data],2,0) -> S | G19: 1156 | H19: 90 | I19: 270 | J19: =표1[[#This Row],[C/V]]*표1[[#This Row],[판수]]-표1[[#This Row],[불량수량]] -> 103770 | K19: 반록 | L19: 주간 | M19: 0.33333333 | N19: 0.75 | O19: 540 | P19: 0 | R19: =IF(H19=0,"",H19/O19*60) -> 10 | S19: =SUMIFS(H:H,$A:$A,A19,$D:$D,D19,$E:$E,E19) -> 220 | T19: =IF(L19="비가동",0,VLOOKUP(E19,[1]단가!$D$4:$G$1048576,4,0)) -> 8.76 | U19: =IF(L19="비가동",0,T19*J19) -> 909025.2 | V19: =IF($L19="비가동",0,IF($B19="in",VLOOKUP($E19,[1]투입량!$M:$T,3,FALSE),VLOOKUP($E19,[1]투입량!$D:$I,3,FALSE))) -> SI5521 | W19: =IF($L19="비가동",0,IF($B19="in",VLOOKUP($E19,[1]투입량!$M:$T,6,FALSE),VLOOKUP($E19,[1]투입량!$D:$I,5,FALSE))) -> 330 | X19: =IF(L19="비가동",0,(W19*1.1)*H19) -> 32670 | Y19: =IF(V19=0,0,VLOOKUP(V19,[1]원재료!C:H,3,0)*0.001) -> 8.25 | Z19: =Y19*X19 -> 269527.5 | AB19: 1공장
A20: 46145 | B20: PRESS | C20: S | D20: PS04-2 | E20: 410001 | F20: =VLOOKUP(표1[[#This Row],[품번]],[1]!품번구분[#Data],2,0) -> G | G20: 1600 | H20: 83 | J20: =표1[[#This Row],[C/V]]*표1[[#This Row],[판수]]-표1[[#This Row],[불량수량]] -> 132800 | K20: 단톤 | L20: 주간 | M20: 0.33333333 | N20: 0.75 | O20: 540 | P20: 0 | R20: =IF(H20=0,"",H20/O20*60) -> 9.2222222 | S20: =SUMIFS(H:H,$A:$A,A20,$D:$D,D20,$E:$E,E20) -> 202 | T20: =IF(L20="비가동",0,VLOOKUP(E20,[1]단가!$D$4:$G$1048576,4,0)) -> 9.5 | U20: =IF(L20="비가동",0,T20*J20) -> 1261600 | V20: =IF($L20="비가동",0,IF($B20="in",VLOOKUP($E20,[1]투입량!$M:$T,3,FALSE),VLOOKUP($E20,[1]투입량!$D:$I,3,FALSE))) -> Q4004-2 | W20: =IF($L20="비가동",0,IF($B20="in",VLOOKUP($E20,[1]투입량!$M:$T,6,FALSE),VLOOKUP($E20,[1]투입량!$D:$I,5,FALSE))) -> 46 | X20: =IF(L20="비가동",0,(W20*1.1)*H20) -> 4199.8 | Y20: =IF(V20=0,0,VLOOKUP(V20,[1]원재료!C:H,3,0)*0.001) -> 10.45 | Z20: =Y20*X20 -> 43887.91 | AB20: 1공장
A21: 46145 | B21: PRESS | C21: S | D21: PS04-1 | E21: 681114 | F21: =VLOOKUP(표1[[#This Row],[품번]],[1]!품번구분[#Data],2,0) -> S | G21: 1156 | H21: 130 | I21: 390 | J21: =표1[[#This Row],[C/V]]*표1[[#This Row],[판수]]-표1[[#This Row],[불량수량]] -> 149890 | K21: 마이(B) | L21: 특야 | M21: 0.75 | N21: 0.33333333 | O21: 750 | P21: 0 | R21: =IF(H21=0,"",H21/O21*60) -> 10.4 | S21: =SUMIFS(H:H,$A:$A,A21,$D:$D,D21,$E:$E,E21) -> 220 | T21: =IF(L21="비가동",0,VLOOKUP(E21,[1]단가!$D$4:$G$1048576,4,0)) -> 8.76 | U21: =IF(L21="비가동",0,T21*J21) -> 1313036.4 | V21: =IF($L21="비가동",0,IF($B21="in",VLOOKUP($E21,[1]투입량!$M:$T,3,FALSE),VLOOKUP($E21,[1]투입량!$D:$I,3,FALSE))) -> SI5521 | W21: =IF($L21="비가동",0,IF($B21="in",VLOOKUP($E21,[1]투입량!$M:$T,6,FALSE),VLOOKUP($E21,[1]투입량!$D:$I,5,FALSE))) -> 330 | X21: =IF(L21="비가동",0,(W21*1.1)*H21) -> 47190 | Y21: =IF(V21=0,0,VLOOKUP(V21,[1]원재료!C:H,3,0)*0.001) -> 8.25 | Z21: =Y21*X21 -> 389317.5 | AB21: 1공장
A22: 46145 | B22: PRESS | C22: S | D22: PS04-2 | E22: 410001 | F22: =VLOOKUP(표1[[#This Row],[품번]],[1]!품번구분[#Data],2,0) -> G | G22: 1600 | H22: 119 | J22: =표1[[#This Row],[C/V]]*표1[[#This Row],[판수]]-표1[[#This Row],[불량수량]] -> 190400 | K22: 홍공 | L22: 특야 | M22: 0.75 | N22: 0.33333333 | O22: 750 | P22: 0 | R22: =IF(H22=0,"",H22/O22*60) -> 9.52 | S22: =SUMIFS(H:H,$A:$A,A22,$D:$D,D22,$E:$E,E22) -> 202 | T22: =IF(L22="비가동",0,VLOOKUP(E22,[1]단가!$D$4:$G$1048576,4,0)) -> 9.5 | U22: =IF(L22="비가동",0,T22*J22) -> 1808800 | V22: =IF($L22="비가동",0,IF($B22="in",VLOOKUP($E22,[1]투입량!$M:$T,3,FALSE),VLOOKUP($E22,[1]투입량!$D:$I,3,FALSE))) -> Q4004-2 | W22: =IF($L22="비가동",0,IF($B22="in",VLOOKUP($E22,[1]투입량!$M:$T,6,FALSE),VLOOKUP($E22,[1]투입량!$D:$I,5,FALSE))) -> 46 | X22: =IF(L22="비가동",0,(W22*1.1)*H22) -> 6021.4 | Y22: =IF(V22=0,0,VLOOKUP(V22,[1]원재료!C:H,3,0)*0.001) -> 10.45 | Z22: =Y22*X22 -> 62923.63 | AB22: 1공장
A23: 46145 | B23: PRESS | C23: S | D23: PS05-1 | E23: 682622 | F23: =VLOOKUP(표1[[#This Row],[품번]],[1]!품번구분[#Data],2,0) -> S | G23: 1152 | H23: 80 | J23: =표1[[#This Row],[C/V]]*표1[[#This Row],[판수]]-표1[[#This Row],[불량수량]] -> 92160 | K23: 치그엉 | L23: 주간 | M23: 0.33333333 | N23: 0.75 | O23: 540 | P23: 0 | R23: =IF(H23=0,"",H23/O23*60) -> 8.8888889 | S23: =SUMIFS(H:H,$A:$A,A23,$D:$D,D23,$E:$E,E23) -> 200 | T23: =IF(L23="비가동",0,VLOOKUP(E23,[1]단가!$D$4:$G$1048576,4,0)) -> 7.47 | U23: =IF(L23="비가동",0,T23*J23) -> 688435.2 | V23: =IF($L23="비가동",0,IF($B23="in",VLOOKUP($E23,[1]투입량!$M:$T,3,FALSE),VLOOKUP($E23,[1]투입량!$D:$I,3,FALSE))) -> SI4021 | W23: =IF($L23="비가동",0,IF($B23="in",VLOOKUP($E23,[1]투입량!$M:$T,6,FALSE),VLOOKUP($E23,[1]투입량!$D:$I,5,FALSE))) -> 252 | X23: =IF(L23="비가동",0,(W23*1.1)*H23) -> 22176 | Y23: =IF(V23=0,0,VLOOKUP(V23,[1]원재료!C:H,3,0)*0.001) -> 8.8 | Z23: =Y23*X23 -> 195148.8 | AB23: 1공장
A24: 46145 | B24: PRESS | C24: S | D24: PS05-2 | E24: 430001 | F24: =VLOOKUP(표1[[#This Row],[품번]],[1]!품번구분[#Data],2,0) -> G | G24: 1600 | H24: 82 | J24: =표1[[#This Row],[C/V]]*표1[[#This Row],[판수]]-표1[[#This Row],[불량수량]] -> 131200 | K24: 티엔씨(C) | L24: 주간 | M24: 0.33333333 | N24: 0.75 | O24: 540 | P24: 0 | R24: =IF(H24=0,"",H24/O24*60) -> 9.1111111 | S24: =SUMIFS(H:H,$A:$A,A24,$D:$D,D24,$E:$E,E24) -> 197 | T24: =IF(L24="비가동",0,VLOOKUP(E24,[1]단가!$D$4:$G$1048576,4,0)) -> 15.5 | U24: =IF(L24="비가동",0,T24*J24) -> 2033600 | V24: =IF($L24="비가동",0,IF($B24="in",VLOOKUP($E24,[1]투입량!$M:$T,3,FALSE),VLOOKUP($E24,[1]투입량!$D:$I,3,FALSE))) -> Q4007 | W24: =IF($L24="비가동",0,IF($B24="in",VLOOKUP($E24,[1]투입량!$M:$T,6,FALSE),VLOOKUP($E24,[1]투입량!$D:$I,5,FALSE))) -> 76 | X24: =IF(L24="비가동",0,(W24*1.1)*H24) -> 6855.2 | Y24: =IF(V24=0,0,VLOOKUP(V24,[1]원재료!C:H,3,0)*0.001) -> 6.8 | Z24: =Y24*X24 -> 46615.36 | AB24: 1공장
A25: 46145 | B25: PRESS | C25: S | D25: PS05-1 | E25: 682622 | F25: =VLOOKUP(표1[[#This Row],[품번]],[1]!품번구분[#Data],2,0) -> S | G25: 1152 | H25: 120 | J25: =표1[[#This Row],[C/V]]*표1[[#This Row],[판수]]-표1[[#This Row],[불량수량]] -> 138240 | K25: 단민(B) | L25: 특야 | M25: 0.75 | N25: 0.33333333 | O25: 750 | P25: 0 | R25: =IF(H25=0,"",H25/O25*60) -> 9.6 | S25: =SUMIFS(H:H,$A:$A,A25,$D:$D,D25,$E:$E,E25) -> 200 | T25: =IF(L25="비가동",0,VLOOKUP(E25,[1]단가!$D$4:$G$1048576,4,0)) -> 7.47 | U25: =IF(L25="비가동",0,T25*J25) -> 1032652.8 | V25: =IF($L25="비가동",0,IF($B25="in",VLOOKUP($E25,[1]투입량!$M:$T,3,FALSE),VLOOKUP($E25,[1]투입량!$D:$I,3,FALSE))) -> SI4021 | W25: =IF($L25="비가동",0,IF($B25="in",VLOOKUP($E25,[1]투입량!$M:$T,6,FALSE),VLOOKUP($E25,[1]투입량!$D:$I,5,FALSE))) -> 252 | X25: =IF(L25="비가동",0,(W25*1.1)*H25) -> 33264 | Y25: =IF(V25=0,0,VLOOKUP(V25,[1]원재료!C:H,3,0)*0.001) -> 8.8 | Z25: =Y25*X25 -> 292723.2 | AB25: 1공장
A26: 46145 | B26: PRESS | C26: S | D26: PS05-2 | E26: 430001 | F26: =VLOOKUP(표1[[#This Row],[품번]],[1]!품번구분[#Data],2,0) -> G | G26: 1600 | H26: 115 | J26: =표1[[#This Row],[C/V]]*표1[[#This Row],[판수]]-표1[[#This Row],[불량수량]] -> 184000 | K26: 안득 | L26: 특야 | M26: 0.75 | N26: 0.33333333 | O26: 750 | P26: 0 | R26: =IF(H26=0,"",H26/O26*60) -> 9.2 | S26: =SUMIFS(H:H,$A:$A,A26,$D:$D,D26,$E:$E,E26) -> 197 | T26: =IF(L26="비가동",0,VLOOKUP(E26,[1]단가!$D$4:$G$1048576,4,0)) -> 15.5 | U26: =IF(L26="비가동",0,T26*J26) -> 2852000 | V26: =IF($L26="비가동",0,IF($B26="in",VLOOKUP($E26,[1]투입량!$M:$T,3,FALSE),VLOOKUP($E26,[1]투입량!$D:$I,3,FALSE))) -> Q4007 | W26: =IF($L26="비가동",0,IF($B26="in",VLOOKUP($E26,[1]투입량!$M:$T,6,FALSE),VLOOKUP($E26,[1]투입량!$D:$I,5,FALSE))) -> 76 | X26: =IF(L26="비가동",0,(W26*1.1)*H26) -> 9614 | Y26: =IF(V26=0,0,VLOOKUP(V26,[1]원재료!C:H,3,0)*0.001) -> 6.8 | Z26: =Y26*X26 -> 65375.2 | AB26: 1공장
A27: 46145 | B27: PRESS | C27: S | D27: PS06-1 | E27: R603626 | F27: =VLOOKUP(표1[[#This Row],[품번]],[1]!품번구분[#Data],2,0) -> S | G27: 80 | H27: 67 | J27: =표1[[#This Row],[C/V]]*표1[[#This Row],[판수]]-표1[[#This Row],[불량수량]] -> 5360 | K27: 중 | L27: 주간 | M27: 0.33333333 | N27: 0.75 | O27: 540 | P27: 0 | R27: =IF(H27=0,"",H27/O27*60) -> 7.4444444 | S27: =SUMIFS(H:H,$A:$A,A27,$D:$D,D27,$E:$E,E27) -> 163 | T27: =IF(L27="비가동",0,VLOOKUP(E27,[1]단가!$D$4:$G$1048576,4,0)) -> 150 | U27: =IF(L27="비가동",0,T27*J27) -> 804000 | V27: =IF($L27="비가동",0,IF($B27="in",VLOOKUP($E27,[1]투입량!$M:$T,3,FALSE),VLOOKUP($E27,[1]투입량!$D:$I,3,FALSE))) -> SI3020 | W27: =IF($L27="비가동",0,IF($B27="in",VLOOKUP($E27,[1]투입량!$M:$T,6,FALSE),VLOOKUP($E27,[1]투입량!$D:$I,5,FALSE))) -> 18 | X27: =IF(L27="비가동",0,(W27*1.1)*H27) -> 1326.6 | Y27: =IF(V27=0,0,VLOOKUP(V27,[1]원재료!C:H,3,0)*0.001) -> 9.85 | Z27: =Y27*X27 -> 13067.01 | AB27: 1공장
A28: 46145 | B28: PRESS | C28: S | D28: PS06-2 | E28: R600019 | F28: =VLOOKUP(표1[[#This Row],[품번]],[1]!품번구분[#Data],2,0) -> S | G28: 168 | H28: 67 | I28: 67 | J28: =표1[[#This Row],[C/V]]*표1[[#This Row],[판수]]-표1[[#This Row],[불량수량]] -> 11189 | K28: 중 | L28: 주간 | M28: 0.33333333 | N28: 0.75 | O28: 540 | P28: 0 | R28: =IF(H28=0,"",H28/O28*60) -> 7.4444444 | S28: =SUMIFS(H:H,$A:$A,A28,$D:$D,D28,$E:$E,E28) -> 163 | T28: =IF(L28="비가동",0,VLOOKUP(E28,[1]단가!$D$4:$G$1048576,4,0)) -> 12.74 | U28: =IF(L28="비가동",0,T28*J28) -> 142547.86 | V28: =IF($L28="비가동",0,IF($B28="in",VLOOKUP($E28,[1]투입량!$M:$T,3,FALSE),VLOOKUP($E28,[1]투입량!$D:$I,3,FALSE))) -> SI4022-2 | W28: =IF($L28="비가동",0,IF($B28="in",VLOOKUP($E28,[1]투입량!$M:$T,6,FALSE),VLOOKUP($E28,[1]투입량!$D:$I,5,FALSE))) -> 150 | X28: =IF(L28="비가동",0,(W28*1.1)*H28) -> 11055 | Y28: =IF(V28=0,0,VLOOKUP(V28,[1]원재료!C:H,3,0)*0.001) -> 8.75 | Z28: =Y28*X28 -> 96731.25 | AB28: 1공장
A29: 46145 | B29: PRESS | C29: S | D29: PS06-1 | E29: R603626 | F29: =VLOOKUP(표1[[#This Row],[품번]],[1]!품번구분[#Data],2,0) -> S | G29: 80 | H29: 96 | J29: =표1[[#This Row],[C/V]]*표1[[#This Row],[판수]]-표1[[#This Row],[불량수량]] -> 7680 | K29: 반탄(D) | L29: 특야 | M29: 0.75 | N29: 0.33333333 | O29: 750 | P29: 0 | R29: =IF(H29=0,"",H29/O29*60) -> 7.68 | S29: =SUMIFS(H:H,$A:$A,A29,$D:$D,D29,$E:$E,E29) -> 163 | T29: =IF(L29="비가동",0,VLOOKUP(E29,[1]단가!$D$4:$G$1048576,4,0)) -> 150 | U29: =IF(L29="비가동",0,T29*J29) -> 1152000 | V29: =IF($L29="비가동",0,IF($B29="in",VLOOKUP($E29,[1]투입량!$M:$T,3,FALSE),VLOOKUP($E29,[1]투입량!$D:$I,3,FALSE))) -> SI3020 | W29: =IF($L29="비가동",0,IF($B29="in",VLOOKUP($E29,[1]투입량!$M:$T,6,FALSE),VLOOKUP($E29,[1]투입량!$D:$I,5,FALSE))) -> 18 | X29: =IF(L29="비가동",0,(W29*1.1)*H29) -> 1900.8 | Y29: =IF(V29=0,0,VLOOKUP(V29,[1]원재료!C:H,3,0)*0.001) -> 9.85 | Z29: =Y29*X29 -> 18722.88 | AB29: 1공장
A30: 46145 | B30: PRESS | C30: S | D30: PS06-2 | E30: R600019 | F30: =VLOOKUP(표1[[#This Row],[품번]],[1]!품번구분[#Data],2,0) -> S | G30: 168 | H30: 96 | I30: 96 | J30: =표1[[#This Row],[C/V]]*표1[[#This Row],[판수]]-표1[[#This Row],[불량수량]] -> 16032 | K30: 반탄(D) | L30: 특야 | M30: 0.75 | N30: 0.33333333 | O30: 750 | P30: 0 | R30: =IF(H30=0,"",H30/O30*60) -> 7.68 | S30: =SUMIFS(H:H,$A:$A,A30,$D:$D,D30,$E:$E,E30) -> 163 | T30: =IF(L30="비가동",0,VLOOKUP(E30,[1]단가!$D$4:$G$1048576,4,0)) -> 12.74 | U30: =IF(L30="비가동",0,T30*J30) -> 204247.68 | V30: =IF($L30="비가동",0,IF($B30="in",VLOOKUP($E30,[1]투입량!$M:$T,3,FALSE),VLOOKUP($E30,[1]투입량!$D:$I,3,FALSE))) -> SI4022-2 | W30: =IF($L30="비가동",0,IF($B30="in",VLOOKUP($E30,[1]투입량!$M:$T,6,FALSE),VLOOKUP($E30,[1]투입량!$D:$I,5,FALSE))) -> 150 | X30: =IF(L30="비가동",0,(W30*1.1)*H30) -> 15840 | Y30: =IF(V30=0,0,VLOOKUP(V30,[1]원재료!C:H,3,0)*0.001) -> 8.75 | Z30: =Y30*X30 -> 138600 | AB30: 1공장
A31: 46145 | B31: PRESS | C31: S | D31: PS07-2 | E31: MQ4PG P4006 | F31: =VLOOKUP(표1[[#This Row],[품번]],[1]!품번구분[#Data],2,0) -> G | G31: 6 | H31: 80 | J31: =표1[[#This Row],[C/V]]*표1[[#This Row],[판수]]-표1[[#This Row],[불량수량]] -> 480 | K31: 부하이 | L31: 주간 | M31: 0.33333333 | N31: 0.75 | O31: 540 | P31: 0 | R31: =IF(H31=0,"",H31/O31*60) -> 8.8888889 | S31: =SUMIFS(H:H,$A:$A,A31,$D:$D,D31,$E:$E,E31) -> 192 | T31: =IF(L31="비가동",0,VLOOKUP(E31,[1]단가!$D$4:$G$1048576,4,0)) -> 700 | U31: =IF(L31="비가동",0,T31*J31) -> 336000 | V31: =IF($L31="비가동",0,IF($B31="in",VLOOKUP($E31,[1]투입량!$M:$T,3,FALSE),VLOOKUP($E31,[1]투입량!$D:$I,3,FALSE))) -> Q5009 | W31: =IF($L31="비가동",0,IF($B31="in",VLOOKUP($E31,[1]투입량!$M:$T,6,FALSE),VLOOKUP($E31,[1]투입량!$D:$I,5,FALSE))) -> 28 | X31: =IF(L31="비가동",0,(W31*1.1)*H31) -> 2464 | Y31: =IF(V31=0,0,VLOOKUP(V31,[1]원재료!C:H,3,0)*0.001) -> 8.14 | Z31: =Y31*X31 -> 20056.96 | AB31: 1공장
A32: 46145 | B32: PRESS | C32: S | D32: PS07-3 | E32: MQ4PG P4006 | F32: =VLOOKUP(표1[[#This Row],[품번]],[1]!품번구분[#Data],2,0) -> G | G32: 2 | H32: 80 | J32: =표1[[#This Row],[C/V]]*표1[[#This Row],[판수]]-표1[[#This Row],[불량수량]] -> 160 | K32: 부하이 | L32: 주간 | M32: 0.33333333 | N32: 0.75 | O32: 540 | P32: 0 | R32: =IF(H32=0,"",H32/O32*60) -> 8.8888889 | S32: =SUMIFS(H:H,$A:$A,A32,$D:$D,D32,$E:$E,E32) -> 192 | T32: =IF(L32="비가동",0,VLOOKUP(E32,[1]단가!$D$4:$G$1048576,4,0)) -> 700 | U32: =IF(L32="비가동",0,T32*J32) -> 112000 | V32: =IF($L32="비가동",0,IF($B32="in",VLOOKUP($E32,[1]투입량!$M:$T,3,FALSE),VLOOKUP($E32,[1]투입량!$D:$I,3,FALSE))) -> Q5009 | W32: =IF($L32="비가동",0,IF($B32="in",VLOOKUP($E32,[1]투입량!$M:$T,6,FALSE),VLOOKUP($E32,[1]투입량!$D:$I,5,FALSE))) -> 28 | X32: =IF(L32="비가동",0,(W32*1.1)*H32) -> 2464 | Y32: =IF(V32=0,0,VLOOKUP(V32,[1]원재료!C:H,3,0)*0.001) -> 8.14 | Z32: =Y32*X32 -> 20056.96 | AB32: 1공장
A33: 46145 | B33: PRESS | C33: S | D33: PS07-2 | E33: MQ4PG P4006 | F33: =VLOOKUP(표1[[#This Row],[품번]],[1]!품번구분[#Data],2,0) -> G | G33: 6 | H33: 112 | J33: =표1[[#This Row],[C/V]]*표1[[#This Row],[판수]]-표1[[#This Row],[불량수량]] -> 672 | K33: 반안(D) | L33: 특야 | M33: 0.75 | N33: 0.33333333 | O33: 750 | P33: 0 | R33: =IF(H33=0,"",H33/O33*60) -> 8.96 | S33: =SUMIFS(H:H,$A:$A,A33,$D:$D,D33,$E:$E,E33) -> 192 | T33: =IF(L33="비가동",0,VLOOKUP(E33,[1]단가!$D$4:$G$1048576,4,0)) -> 700 | U33: =IF(L33="비가동",0,T33*J33) -> 470400 | V33: =IF($L33="비가동",0,IF($B33="in",VLOOKUP($E33,[1]투입량!$M:$T,3,FALSE),VLOOKUP($E33,[1]투입량!$D:$I,3,FALSE))) -> Q5009 | W33: =IF($L33="비가동",0,IF($B33="in",VLOOKUP($E33,[1]투입량!$M:$T,6,FALSE),VLOOKUP($E33,[1]투입량!$D:$I,5,FALSE))) -> 28 | X33: =IF(L33="비가동",0,(W33*1.1)*H33) -> 3449.6 | Y33: =IF(V33=0,0,VLOOKUP(V33,[1]원재료!C:H,3,0)*0.001) -> 8.14 | Z33: =Y33*X33 -> 28079.744 | AB33: 1공장
A34: 46145 | B34: PRESS | C34: S | D34: PS07-3 | E34: MQ4PG P4006 | F34: =VLOOKUP(표1[[#This Row],[품번]],[1]!품번구분[#Data],2,0) -> G | G34: 2 | H34: 112 | J34: =표1[[#This Row],[C/V]]*표1[[#This Row],[판수]]-표1[[#This Row],[불량수량]] -> 224 | K34: 반안(D) | L34: 특야 | M34: 0.75 | N34: 0.33333333 | O34: 750 | P34: 0 | R34: =IF(H34=0,"",H34/O34*60) -> 8.96 | S34: =SUMIFS(H:H,$A:$A,A34,$D:$D,D34,$E:$E,E34) -> 192 | T34: =IF(L34="비가동",0,VLOOKUP(E34,[1]단가!$D$4:$G$1048576,4,0)) -> 700 | U34: =IF(L34="비가동",0,T34*J34) -> 156800 | V34: =IF($L34="비가동",0,IF($B34="in",VLOOKUP($E34,[1]투입량!$M:$T,3,FALSE),VLOOKUP($E34,[1]투입량!$D:$I,3,FALSE))) -> Q5009 | W34: =IF($L34="비가동",0,IF($B34="in",VLOOKUP($E34,[1]투입량!$M:$T,6,FALSE),VLOOKUP($E34,[1]투입량!$D:$I,5,FALSE))) -> 28 | X34: =IF(L34="비가동",0,(W34*1.1)*H34) -> 3449.6 | Y34: =IF(V34=0,0,VLOOKUP(V34,[1]원재료!C:H,3,0)*0.001) -> 8.14 | Z34: =Y34*X34 -> 28079.744 | AB34: 1공장
A35: 46145 | B35: PRESS | C35: S | D35: PS08-2 | E35: 680275 | F35: =VLOOKUP(표1[[#This Row],[품번]],[1]!품번구분[#Data],2,0) -> S | G35: 400 | H35: 75 | J35: =표1[[#This Row],[C/V]]*표1[[#This Row],[판수]]-표1[[#This Row],[불량수량]] -> 30000 | K35: 히우 | L35: 주간 | M35: 0.33333333 | N35: 0.75 | O35: 540 | P35: 0 | R35: =IF(H35=0,"",H35/O35*60) -> 8.3333333 | S35: =SUMIFS(H:H,$A:$A,A35,$D:$D,D35,$E:$E,E35) -> 180 | T35: =IF(L35="비가동",0,VLOOKUP(E35,[1]단가!$D$4:$G$1048576,4,0)) -> 10.58 | U35: =IF(L35="비가동",0,T35*J35) -> 317400 | V35: =IF($L35="비가동",0,IF($B35="in",VLOOKUP($E35,[1]투입량!$M:$T,3,FALSE),VLOOKUP($E35,[1]투입량!$D:$I,3,FALSE))) -> SI4021 | W35: =IF($L35="비가동",0,IF($B35="in",VLOOKUP($E35,[1]투입량!$M:$T,6,FALSE),VLOOKUP($E35,[1]투입량!$D:$I,5,FALSE))) -> 37 | X35: =IF(L35="비가동",0,(W35*1.1)*H35) -> 3052.5 | Y35: =IF(V35=0,0,VLOOKUP(V35,[1]원재료!C:H,3,0)*0.001) -> 8.8 | Z35: =Y35*X35 -> 26862 | AB35: 1공장
A36: 46145 | B36: PRESS | C36: S | D36: PS08-3 | E36: 682027 | F36: =VLOOKUP(표1[[#This Row],[품번]],[1]!품번구분[#Data],2,0) -> S | G36: 400 | H36: 75 | I36: 300 | J36: =표1[[#This Row],[C/V]]*표1[[#This Row],[판수]]-표1[[#This Row],[불량수량]] -> 29700 | K36: 히우 | L36: 주간 | M36: 0.33333333 | N36: 0.75 | O36: 540 | P36: 0 | R36: =IF(H36=0,"",H36/O36*60) -> 8.3333333 | S36: =SUMIFS(H:H,$A:$A,A36,$D:$D,D36,$E:$E,E36) -> 180 | T36: =IF(L36="비가동",0,VLOOKUP(E36,[1]단가!$D$4:$G$1048576,4,0)) -> 14.6 | U36: =IF(L36="비가동",0,T36*J36) -> 433620 | V36: =IF($L36="비가동",0,IF($B36="in",VLOOKUP($E36,[1]투입량!$M:$T,3,FALSE),VLOOKUP($E36,[1]투입량!$D:$I,3,FALSE))) -> SI4023 | W36: =IF($L36="비가동",0,IF($B36="in",VLOOKUP($E36,[1]투입량!$M:$T,6,FALSE),VLOOKUP($E36,[1]투입량!$D:$I,5,FALSE))) -> 240 | X36: =IF(L36="비가동",0,(W36*1.1)*H36) -> 19800 | Y36: =IF(V36=0,0,VLOOKUP(V36,[1]원재료!C:H,3,0)*0.001) -> 9.3 | Z36: =Y36*X36 -> 184140 | AB36: 1공장
A37: 46145 | B37: PRESS | C37: S | D37: PS08-2 | E37: 680275 | F37: =VLOOKUP(표1[[#This Row],[품번]],[1]!품번구분[#Data],2,0) -> S | G37: 400 | H37: 105 | J37: =표1[[#This Row],[C/V]]*표1[[#This Row],[판수]]-표1[[#This Row],[불량수량]] -> 42000 | K37: 이소명 | L37: 특야 | M37: 0.75 | N37: 0.33333333 | O37: 750 | P37: 0 | R37: =IF(H37=0,"",H37/O37*60) -> 8.4 | S37: =SUMIFS(H:H,$A:$A,A37,$D:$D,D37,$E:$E,E37) -> 180 | T37: =IF(L37="비가동",0,VLOOKUP(E37,[1]단가!$D$4:$G$1048576,4,0)) -> 10.58 | U37: =IF(L37="비가동",0,T37*J37) -> 444360 | V37: =IF($L37="비가동",0,IF($B37="in",VLOOKUP($E37,[1]투입량!$M:$T,3,FALSE),VLOOKUP($E37,[1]투입량!$D:$I,3,FALSE))) -> SI4021 | W37: =IF($L37="비가동",0,IF($B37="in",VLOOKUP($E37,[1]투입량!$M:$T,6,FALSE),VLOOKUP($E37,[1]투입량!$D:$I,5,FALSE))) -> 37 | X37: =IF(L37="비가동",0,(W37*1.1)*H37) -> 4273.5 | Y37: =IF(V37=0,0,VLOOKUP(V37,[1]원재료!C:H,3,0)*0.001) -> 8.8 | Z37: =Y37*X37 -> 37606.8 | AB37: 1공장
A38: 46145 | B38: PRESS | C38: S | D38: PS08-3 | E38: 682027 | F38: =VLOOKUP(표1[[#This Row],[품번]],[1]!품번구분[#Data],2,0) -> S | G38: 400 | H38: 105 | I38: 420 | J38: =표1[[#This Row],[C/V]]*표1[[#This Row],[판수]]-표1[[#This Row],[불량수량]] -> 41580 | K38: 이소명 | L38: 특야 | M38: 0.75 | N38: 0.33333333 | O38: 750 | P38: 0 | R38: =IF(H38=0,"",H38/O38*60) -> 8.4 | S38: =SUMIFS(H:H,$A:$A,A38,$D:$D,D38,$E:$E,E38) -> 180 | T38: =IF(L38="비가동",0,VLOOKUP(E38,[1]단가!$D$4:$G$1048576,4,0)) -> 14.6 | U38: =IF(L38="비가동",0,T38*J38) -> 607068 | V38: =IF($L38="비가동",0,IF($B38="in",VLOOKUP($E38,[1]투입량!$M:$T,3,FALSE),VLOOKUP($E38,[1]투입량!$D:$I,3,FALSE))) -> SI4023 | W38: =IF($L38="비가동",0,IF($B38="in",VLOOKUP($E38,[1]투입량!$M:$T,6,FALSE),VLOOKUP($E38,[1]투입량!$D:$I,5,FALSE))) -> 240 | X38: =IF(L38="비가동",0,(W38*1.1)*H38) -> 27720 | Y38: =IF(V38=0,0,VLOOKUP(V38,[1]원재료!C:H,3,0)*0.001) -> 9.3 | Z38: =Y38*X38 -> 257796 | AB38: 1공장
A39: 46145 | B39: PRESS | C39: S | D39: PS09-2 | E39: 681371 | F39: =VLOOKUP(표1[[#This Row],[품번]],[1]!품번구분[#Data],2,0) -> S | G39: 400 | H39: 86 | I39: 172 | J39: =표1[[#This Row],[C/V]]*표1[[#This Row],[판수]]-표1[[#This Row],[불량수량]] -> 34228 | K39: 반훙(B) | L39: 주간 | M39: 0.33333333 | N39: 0.75 | O39: 540 | P39: 0 | R39: =IF(H39=0,"",H39/O39*60) -> 9.5555556 | S39: =SUMIFS(H:H,$A:$A,A39,$D:$D,D39,$E:$E,E39) -> 211 | T39: =IF(L39="비가동",0,VLOOKUP(E39,[1]단가!$D$4:$G$1048576,4,0)) -> 11.89 | U39: =IF(L39="비가동",0,T39*J39) -> 406970.92 | V39: =IF($L39="비가동",0,IF($B39="in",VLOOKUP($E39,[1]투입량!$M:$T,3,FALSE),VLOOKUP($E39,[1]투입량!$D:$I,3,FALSE))) -> SI4023 | W39: =IF($L39="비가동",0,IF($B39="in",VLOOKUP($E39,[1]투입량!$M:$T,6,FALSE),VLOOKUP($E39,[1]투입량!$D:$I,5,FALSE))) -> 169.5 | X39: =IF(L39="비가동",0,(W39*1.1)*H39) -> 16034.7 | Y39: =IF(V39=0,0,VLOOKUP(V39,[1]원재료!C:H,3,0)*0.001) -> 9.3 | Z39: =Y39*X39 -> 149122.71 | AB39: 1공장
A40: 46145 | B40: PRESS | C40: S | D40: PS09-3 | E40: 680772 | F40: =VLOOKUP(표1[[#This Row],[품번]],[1]!품번구분[#Data],2,0) -> S | G40: 324 | H40: 86 | I40: 86 | J40: =표1[[#This Row],[C/V]]*표1[[#This Row],[판수]]-표1[[#This Row],[불량수량]] -> 27778 | K40: 반훙(B) | L40: 주간 | M40: 0.33333333 | N40: 0.75 | O40: 540 | P40: 0 | R40: =IF(H40=0,"",H40/O40*60) -> 9.5555556 | S40: =SUMIFS(H:H,$A:$A,A40,$D:$D,D40,$E:$E,E40) -> 211 | T40: =IF(L40="비가동",0,VLOOKUP(E40,[1]단가!$D$4:$G$1048576,4,0)) -> 8.94 | U40: =IF(L40="비가동",0,T40*J40) -> 248335.32 | V40: =IF($L40="비가동",0,IF($B40="in",VLOOKUP($E40,[1]투입량!$M:$T,3,FALSE),VLOOKUP($E40,[1]투입량!$D:$I,3,FALSE))) -> SI4020 | W40: =IF($L40="비가동",0,IF($B40="in",VLOOKUP($E40,[1]투입량!$M:$T,6,FALSE),VLOOKUP($E40,[1]투입량!$D:$I,5,FALSE))) -> 88 | X40: =IF(L40="비가동",0,(W40*1.1)*H40) -> 8324.8 | Y40: =IF(V40=0,0,VLOOKUP(V40,[1]원재료!C:H,3,0)*0.001) -> 8.7 | Z40: =Y40*X40 -> 72425.76 | AB40: 1공장
A41: 46145 | B41: PRESS | C41: S | D41: PS09-2 | E41: 681371 | F41: =VLOOKUP(표1[[#This Row],[품번]],[1]!품번구분[#Data],2,0) -> S | G41: 400 | H41: 125 | I41: 250 | J41: =표1[[#This Row],[C/V]]*표1[[#This Row],[판수]]-표1[[#This Row],[불량수량]] -> 49750 | K41: 니아 | L41: 특야 | M41: 0.75 | N41: 0.33333333 | O41: 750 | P41: 0 | R41: =IF(H41=0,"",H41/O41*60) -> 10 | S41: =SUMIFS(H:H,$A:$A,A41,$D:$D,D41,$E:$E,E41) -> 211 | T41: =IF(L41="비가동",0,VLOOKUP(E41,[1]단가!$D$4:$G$1048576,4,0)) -> 11.89 | U41: =IF(L41="비가동",0,T41*J41) -> 591527.5 | V41: =IF($L41="비가동",0,IF($B41="in",VLOOKUP($E41,[1]투입량!$M:$T,3,FALSE),VLOOKUP($E41,[1]투입량!$D:$I,3,FALSE))) -> SI4023 | W41: =IF($L41="비가동",0,IF($B41="in",VLOOKUP($E41,[1]투입량!$M:$T,6,FALSE),VLOOKUP($E41,[1]투입량!$D:$I,5,FALSE))) -> 169.5 | X41: =IF(L41="비가동",0,(W41*1.1)*H41) -> 23306.25 | Y41: =IF(V41=0,0,VLOOKUP(V41,[1]원재료!C:H,3,0)*0.001) -> 9.3 | Z41: =Y41*X41 -> 216748.13 | AB41: 1공장
A42: 46145 | B42: PRESS | C42: S | D42: PS09-3 | E42: 680772 | F42: =VLOOKUP(표1[[#This Row],[품번]],[1]!품번구분[#Data],2,0) -> S | G42: 324 | H42: 125 | I42: 125 | J42: =표1[[#This Row],[C/V]]*표1[[#This Row],[판수]]-표1[[#This Row],[불량수량]] -> 40375 | K42: 니아 | L42: 특야 | M42: 0.75 | N42: 0.33333333 | O42: 750 | P42: 0 | R42: =IF(H42=0,"",H42/O42*60) -> 10 | S42: =SUMIFS(H:H,$A:$A,A42,$D:$D,D42,$E:$E,E42) -> 211 | T42: =IF(L42="비가동",0,VLOOKUP(E42,[1]단가!$D$4:$G$1048576,4,0)) -> 8.94 | U42: =IF(L42="비가동",0,T42*J42) -> 360952.5 | V42: =IF($L42="비가동",0,IF($B42="in",VLOOKUP($E42,[1]투입량!$M:$T,3,FALSE),VLOOKUP($E42,[1]투입량!$D:$I,3,FALSE))) -> SI4020 | W42: =IF($L42="비가동",0,IF($B42="in",VLOOKUP($E42,[1]투입량!$M:$T,6,FALSE),VLOOKUP($E42,[1]투입량!$D:$I,5,FALSE))) -> 88 | X42: =IF(L42="비가동",0,(W42*1.1)*H42) -> 12100 | Y42: =IF(V42=0,0,VLOOKUP(V42,[1]원재료!C:H,3,0)*0.001) -> 8.7 | Z42: =Y42*X42 -> 105270 | AB42: 1공장
A43: 46145 | B43: PRESS | C43: S | D43: PS10-1 | E43: 685390 | F43: =VLOOKUP(표1[[#This Row],[품번]],[1]!품번구분[#Data],2,0) -> S | G43: 1444 | H43: 95 | I43: 95 | J43: =표1[[#This Row],[C/V]]*표1[[#This Row],[판수]]-표1[[#This Row],[불량수량]] -> 137085 | K43: 안탐 | L43: 주간 | M43: 0.33333333 | N43: 0.75 | O43: 540 | P43: 0 | R43: =IF(H43=0,"",H43/O43*60) -> 10.555556 | S43: =SUMIFS(H:H,$A:$A,A43,$D:$D,D43,$E:$E,E43) -> 222 | T43: =IF(L43="비가동",0,VLOOKUP(E43,[1]단가!$D$4:$G$1048576,4,0)) -> 8 | U43: =IF(L43="비가동",0,T43*J43) -> 1096680 | V43: =IF($L43="비가동",0,IF($B43="in",VLOOKUP($E43,[1]투입량!$M:$T,3,FALSE),VLOOKUP($E43,[1]투입량!$D:$I,3,FALSE))) -> SI4022 | W43: =IF($L43="비가동",0,IF($B43="in",VLOOKUP($E43,[1]투입량!$M:$T,6,FALSE),VLOOKUP($E43,[1]투입량!$D:$I,5,FALSE))) -> 260 | X43: =IF(L43="비가동",0,(W43*1.1)*H43) -> 27170 | Y43: =IF(V43=0,0,VLOOKUP(V43,[1]원재료!C:H,3,0)*0.001) -> 10.15 | Z43: =Y43*X43 -> 275775.5 | AB43: 1공장
A44: 46145 | B44: PRESS | C44: S | D44: PS10-2 | E44: R600070 | F44: =VLOOKUP(표1[[#This Row],[품번]],[1]!품번구분[#Data],2,0) -> S | G44: 256 | H44: 55 | J44: =표1[[#This Row],[C/V]]*표1[[#This Row],[판수]]-표1[[#This Row],[불량수량]] -> 14080 | K44: 농 | L44: 주간 | M44: 0.33333333 | N44: 0.75 | O44: 540 | P44: 0 | R44: =IF(H44=0,"",H44/O44*60) -> 6.1111111 | S44: =SUMIFS(H:H,$A:$A,A44,$D:$D,D44,$E:$E,E44) -> 130 | T44: =IF(L44="비가동",0,VLOOKUP(E44,[1]단가!$D$4:$G$1048576,4,0)) -> 39.44 | U44: =IF(L44="비가동",0,T44*J44) -> 555315.2 | V44: =IF($L44="비가동",0,IF($B44="in",VLOOKUP($E44,[1]투입량!$M:$T,3,FALSE),VLOOKUP($E44,[1]투입량!$D:$I,3,FALSE))) -> SI4023-1 | W44: =IF($L44="비가동",0,IF($B44="in",VLOOKUP($E44,[1]투입량!$M:$T,6,FALSE),VLOOKUP($E44,[1]투입량!$D:$I,5,FALSE))) -> 172 | X44: =IF(L44="비가동",0,(W44*1.1)*H44) -> 10406 | Y44: =IF(V44=0,0,VLOOKUP(V44,[1]원재료!C:H,3,0)*0.001) -> 8.2 | Z44: =Y44*X44 -> 85329.2 | AB44: 1공장
A45: 46145 | B45: PRESS | C45: S | D45: PS10-1 | E45: 685390 | F45: =VLOOKUP(표1[[#This Row],[품번]],[1]!품번구분[#Data],2,0) -> S | G45: 1444 | H45: 127 | I45: 127 | J45: =표1[[#This Row],[C/V]]*표1[[#This Row],[판수]]-표1[[#This Row],[불량수량]] -> 183261 | K45: 반하 | L45: 특야 | M45: 0.75 | N45: 0.33333333 | O45: 750 | P45: 0 | R45: =IF(H45=0,"",H45/O45*60) -> 10.16 | S45: =SUMIFS(H:H,$A:$A,A45,$D:$D,D45,$E:$E,E45) -> 222 | T45: =IF(L45="비가동",0,VLOOKUP(E45,[1]단가!$D$4:$G$1048576,4,0)) -> 8 | U45: =IF(L45="비가동",0,T45*J45) -> 1466088 | V45: =IF($L45="비가동",0,IF($B45="in",VLOOKUP($E45,[1]투입량!$M:$T,3,FALSE),VLOOKUP($E45,[1]투입량!$D:$I,3,FALSE))) -> SI4022 | W45: =IF($L45="비가동",0,IF($B45="in",VLOOKUP($E45,[1]투입량!$M:$T,6,FALSE),VLOOKUP($E45,[1]투입량!$D:$I,5,FALSE))) -> 260 | X45: =IF(L45="비가동",0,(W45*1.1)*H45) -> 36322 | Y45: =IF(V45=0,0,VLOOKUP(V45,[1]원재료!C:H,3,0)*0.001) -> 10.15 | Z45: =Y45*X45 -> 368668.3 | AB45: 1공장
A46: 46145 | B46: PRESS | C46: S | D46: PS10-2 | E46: R600070 | F46: =VLOOKUP(표1[[#This Row],[품번]],[1]!품번구분[#Data],2,0) -> S | G46: 256 | H46: 75 | J46: =표1[[#This Row],[C/V]]*표1[[#This Row],[판수]]-표1[[#This Row],[불량수량]] -> 19200 | K46: 광린 | L46: 특야 | M46: 0.75 | N46: 0.33333333 | O46: 750 | P46: 0 | R46: =IF(H46=0,"",H46/O46*60) -> 6 | S46: =SUMIFS(H:H,$A:$A,A46,$D:$D,D46,$E:$E,E46) -> 130 | T46: =IF(L46="비가동",0,VLOOKUP(E46,[1]단가!$D$4:$G$1048576,4,0)) -> 39.44 | U46: =IF(L46="비가동",0,T46*J46) -> 757248 | V46: =IF($L46="비가동",0,IF($B46="in",VLOOKUP($E46,[1]투입량!$M:$T,3,FALSE),VLOOKUP($E46,[1]투입량!$D:$I,3,FALSE))) -> SI4023-1 | W46: =IF($L46="비가동",0,IF($B46="in",VLOOKUP($E46,[1]투입량!$M:$T,6,FALSE),VLOOKUP($E46,[1]투입량!$D:$I,5,FALSE))) -> 172 | X46: =IF(L46="비가동",0,(W46*1.1)*H46) -> 14190 | Y46: =IF(V46=0,0,VLOOKUP(V46,[1]원재료!C:H,3,0)*0.001) -> 8.2 | Z46: =Y46*X46 -> 116358 | AB46: 1공장
A47: 46145 | B47: PRESS | C47: S | D47: PS11-1 | E47: 682620 | F47: =VLOOKUP(표1[[#This Row],[품번]],[1]!품번구분[#Data],2,0) -> S | G47: 1156 | H47: 74 | I47: 518 | J47: =표1[[#This Row],[C/V]]*표1[[#This Row],[판수]]-표1[[#This Row],[불량수량]] -> 85026 | K47: 탕 | L47: 주간 | M47: 0.33333333 | N47: 0.75 | O47: 540 | P47: 0 | R47: =IF(H47=0,"",H47/O47*60) -> 8.2222222 | S47: =SUMIFS(H:H,$A:$A,A47,$D:$D,D47,$E:$E,E47) -> 182 | T47: =IF(L47="비가동",0,VLOOKUP(E47,[1]단가!$D$4:$G$1048576,4,0)) -> 7.47 | U47: =IF(L47="비가동",0,T47*J47) -> 635144.22 | V47: =IF($L47="비가동",0,IF($B47="in",VLOOKUP($E47,[1]투입량!$M:$T,3,FALSE),VLOOKUP($E47,[1]투입량!$D:$I,3,FALSE))) -> SI4020-2 | W47: =IF($L47="비가동",0,IF($B47="in",VLOOKUP($E47,[1]투입량!$M:$T,6,FALSE),VLOOKUP($E47,[1]투입량!$D:$I,5,FALSE))) -> 230 | X47: =IF(L47="비가동",0,(W47*1.1)*H47) -> 18722 | Y47: =IF(V47=0,0,VLOOKUP(V47,[1]원재료!C:H,3,0)*0.001) -> 10.5 | Z47: =Y47*X47 -> 196581 | AB47: 1공장
A48: 46145 | B48: PRESS | C48: S | D48: PS11-2 | E48: R600071 | F48: =VLOOKUP(표1[[#This Row],[품번]],[1]!품번구분[#Data],2,0) -> S | G48: 64 | H48: 28 | J48: =표1[[#This Row],[C/V]]*표1[[#This Row],[판수]]-표1[[#This Row],[불량수량]] -> 1792 | K48: 홍탐 | L48: 주간 | M48: 0.33333333 | N48: 0.54166667 | O48: 210 | P48: 30 | R48: =IF(H48=0,"",H48/O48*60) -> 8 | S48: =SUMIFS(H:H,$A:$A,A48,$D:$D,D48,$E:$E,E48) -> 28 | T48: =IF(L48="비가동",0,VLOOKUP(E48,[1]단가!$D$4:$G$1048576,4,0)) -> 42.03 | U48: =IF(L48="비가동",0,T48*J48) -> 75317.76 | V48: =IF($L48="비가동",0,IF($B48="in",VLOOKUP($E48,[1]투입량!$M:$T,3,FALSE),VLOOKUP($E48,[1]투입량!$D:$I,3,FALSE))) -> SI4023-1 | W48: =IF($L48="비가동",0,IF($B48="in",VLOOKUP($E48,[1]투입량!$M:$T,6,FALSE),VLOOKUP($E48,[1]투입량!$D:$I,5,FALSE))) -> 82 | X48: =IF(L48="비가동",0,(W48*1.1)*H48) -> 2525.6 | Y48: =IF(V48=0,0,VLOOKUP(V48,[1]원재료!C:H,3,0)*0.001) -> 8.2 | Z48: =Y48*X48 -> 20709.92 | AB48: 1공장
A49: 46145 | B49: PRESS | C49: S | D49: PS11-2 | E49: R600071 | F49: =VLOOKUP(표1[[#This Row],[품번]],[1]!품번구분[#Data],2,0) -> S | J49: =표1[[#This Row],[C/V]]*표1[[#This Row],[판수]]-표1[[#This Row],[불량수량]] -> 0 | K49: 홍탐 | L49: 비가동 | M49: 0.47916667 | N49: 0.54166667 | O49: 30 | P49: 0 | Q49: 금형교체 | R49: =IF(H49=0,"",H49/O49*60) | S49: =SUMIFS(H:H,$A:$A,A49,$D:$D,D49,$E:$E,E49) -> 28 | T49: =IF(L49="비가동",0,VLOOKUP(E49,[1]단가!$D$4:$G$1048576,4,0)) -> 0 | U49: =IF(L49="비가동",0,T49*J49) -> 0 | V49: =IF($L49="비가동",0,IF($B49="in",VLOOKUP($E49,[1]투입량!$M:$T,3,FALSE),VLOOKUP($E49,[1]투입량!$D:$I,3,FALSE))) -> 0 | W49: =IF($L49="비가동",0,IF($B49="in",VLOOKUP($E49,[1]투입량!$M:$T,6,FALSE),VLOOKUP($E49,[1]투입량!$D:$I,5,FALSE))) -> 0 | X49: =IF(L49="비가동",0,(W49*1.1)*H49) -> 0 | Y49: =IF(V49=0,0,VLOOKUP(V49,[1]원재료!C:H,3,0)*0.001) -> 0 | Z49: =Y49*X49 -> 0 | AB49: 1공장
A50: 46145 | B50: PRESS | C50: S | D50: PS11-2 | E50: R600070 | F50: =VLOOKUP(표1[[#This Row],[품번]],[1]!품번구분[#Data],2,0) -> S | G50: 168 | H50: 28 | J50: =표1[[#This Row],[C/V]]*표1[[#This Row],[판수]]-표1[[#This Row],[불량수량]] -> 4704 | K50: 홍탐 | L50: 주간 | M50: 0.54166667 | N50: 0.75 | O50: 300 | P50: 0 | R50: =IF(H50=0,"",H50/O50*60) -> 5.6 | S50: =SUMIFS(H:H,$A:$A,A50,$D:$D,D50,$E:$E,E50) -> 102 | T50: =IF(L50="비가동",0,VLOOKUP(E50,[1]단가!$D$4:$G$1048576,4,0)) -> 39.44 | U50: =IF(L50="비가동",0,T50*J50) -> 185525.76 | V50: =IF($L50="비가동",0,IF($B50="in",VLOOKUP($E50,[1]투입량!$M:$T,3,FALSE),VLOOKUP($E50,[1]투입량!$D:$I,3,FALSE))) -> SI4023-1 | W50: =IF($L50="비가동",0,IF($B50="in",VLOOKUP($E50,[1]투입량!$M:$T,6,FALSE),VLOOKUP($E50,[1]투입량!$D:$I,5,FALSE))) -> 172 | X50: =IF(L50="비가동",0,(W50*1.1)*H50) -> 5297.6 | Y50: =IF(V50=0,0,VLOOKUP(V50,[1]원재료!C:H,3,0)*0.001) -> 8.2 | Z50: =Y50*X50 -> 43440.32 | AB50: 1공장
A51: 46145 | B51: PRESS | C51: S | D51: PS11-1 | E51: 682620 | F51: =VLOOKUP(표1[[#This Row],[품번]],[1]!품번구분[#Data],2,0) -> S | G51: 1156 | H51: 108 | I51: 756 | J51: =표1[[#This Row],[C/V]]*표1[[#This Row],[판수]]-표1[[#This Row],[불량수량]] -> 124092 | K51: 반히엡 | L51: 특야 | M51: 0.75 | N51: 0.33333333 | O51: 750 | P51: 0 | R51: =IF(H51=0,"",H51/O51*60) -> 8.64 | S51: =SUMIFS(H:H,$A:$A,A51,$D:$D,D51,$E:$E,E51) -> 182 | T51: =IF(L51="비가동",0,VLOOKUP(E51,[1]단가!$D$4:$G$1048576,4,0)) -> 7.47 | U51: =IF(L51="비가동",0,T51*J51) -> 926967.24 | V51: =IF($L51="비가동",0,IF($B51="in",VLOOKUP($E51,[1]투입량!$M:$T,3,FALSE),VLOOKUP($E51,[1]투입량!$D:$I,3,FALSE))) -> SI4020-2 | W51: =IF($L51="비가동",0,IF($B51="in",VLOOKUP($E51,[1]투입량!$M:$T,6,FALSE),VLOOKUP($E51,[1]투입량!$D:$I,5,FALSE))) -> 230 | X51: =IF(L51="비가동",0,(W51*1.1)*H51) -> 27324 | Y51: =IF(V51=0,0,VLOOKUP(V51,[1]원재료!C:H,3,0)*0.001) -> 10.5 | Z51: =Y51*X51 -> 286902 | AB51: 1공장
A52: 46145 | B52: PRESS | C52: S | D52: PS11-2 | E52: R600070 | F52: =VLOOKUP(표1[[#This Row],[품번]],[1]!품번구분[#Data],2,0) -> S | G52: 168 | H52: 74 | J52: =표1[[#This Row],[C/V]]*표1[[#This Row],[판수]]-표1[[#This Row],[불량수량]] -> 12432 | K52: 마이티둥 | L52: 특야 | M52: 0.75 | N52: 0.33333333 | O52: 750 | P52: 0 | R52: =IF(H52=0,"",H52/O52*60) -> 5.92 | S52: =SUMIFS(H:H,$A:$A,A52,$D:$D,D52,$E:$E,E52) -> 102 | T52: =IF(L52="비가동",0,VLOOKUP(E52,[1]단가!$D$4:$G$1048576,4,0)) -> 39.44 | U52: =IF(L52="비가동",0,T52*J52) -> 490318.08 | V52: =IF($L52="비가동",0,IF($B52="in",VLOOKUP($E52,[1]투입량!$M:$T,3,FALSE),VLOOKUP($E52,[1]투입량!$D:$I,3,FALSE))) -> SI4023-1 | W52: =IF($L52="비가동",0,IF($B52="in",VLOOKUP($E52,[1]투입량!$M:$T,6,FALSE),VLOOKUP($E52,[1]투입량!$D:$I,5,FALSE))) -> 172 | X52: =IF(L52="비가동",0,(W52*1.1)*H52) -> 14000.8 | Y52: =IF(V52=0,0,VLOOKUP(V52,[1]원재료!C:H,3,0)*0.001) -> 8.2 | Z52: =Y52*X52 -> 114806.56 | AB52: 1공장
A53: 46145 | B53: PRESS | C53: S | D53: PS12-2 | E53: 681266 | F53: =VLOOKUP(표1[[#This Row],[품번]],[1]!품번구분[#Data],2,0) -> S | G53: 1152 | H53: 89 | I53: 356 | J53: =표1[[#This Row],[C/V]]*표1[[#This Row],[판수]]-표1[[#This Row],[불량수량]] -> 102172 | K53: 반치엔 | L53: 주간 | M53: 0.33333333 | N53: 0.75 | O53: 540 | P53: 0 | R53: =IF(H53=0,"",H53/O53*60) -> 9.8888889 | S53: =SUMIFS(H:H,$A:$A,A53,$D:$D,D53,$E:$E,E53) -> 214 | T53: =IF(L53="비가동",0,VLOOKUP(E53,[1]단가!$D$4:$G$1048576,4,0)) -> 9.27 | U53: =IF(L53="비가동",0,T53*J53) -> 947134.44 | V53: =IF($L53="비가동",0,IF($B53="in",VLOOKUP($E53,[1]투입량!$M:$T,3,FALSE),VLOOKUP($E53,[1]투입량!$D:$I,3,FALSE))) -> SI4020-2 | W53: =IF($L53="비가동",0,IF($B53="in",VLOOKUP($E53,[1]투입량!$M:$T,6,FALSE),VLOOKUP($E53,[1]투입량!$D:$I,5,FALSE))) -> 364 | X53: =IF(L53="비가동",0,(W53*1.1)*H53) -> 35635.6 | Y53: =IF(V53=0,0,VLOOKUP(V53,[1]원재료!C:H,3,0)*0.001) -> 10.5 | Z53: =Y53*X53 -> 374173.8 | AB53: 1공장
A54: 46145 | B54: PRESS | C54: S | D54: PS12-1 | E54: 680449 | F54: =VLOOKUP(표1[[#This Row],[품번]],[1]!품번구분[#Data],2,0) -> S | G54: 1008 | H54: 101 | I54: 404 | J54: =표1[[#This Row],[C/V]]*표1[[#This Row],[판수]]-표1[[#This Row],[불량수량]] -> 101404 | K54: 응억선 | L54: 특야 | M54: 0.75 | N54: 0.33333333 | O54: 750 | P54: 0 | R54: =IF(H54=0,"",H54/O54*60) -> 8.08 | S54: =SUMIFS(H:H,$A:$A,A54,$D:$D,D54,$E:$E,E54) -> 101 | T54: =IF(L54="비가동",0,VLOOKUP(E54,[1]단가!$D$4:$G$1048576,4,0)) -> 14.17 | U54: =IF(L54="비가동",0,T54*J54) -> 1436894.7 | V54: =IF($L54="비가동",0,IF($B54="in",VLOOKUP($E54,[1]투입량!$M:$T,3,FALSE),VLOOKUP($E54,[1]투입량!$D:$I,3,FALSE))) -> SI4023-2 | W54: =IF($L54="비가동",0,IF($B54="in",VLOOKUP($E54,[1]투입량!$M:$T,6,FALSE),VLOOKUP($E54,[1]투입량!$D:$I,5,FALSE))) -> 210 | X54: =IF(L54="비가동",0,(W54*1.1)*H54) -> 23331 | Y54: =IF(V54=0,0,VLOOKUP(V54,[1]원재료!C:H,3,0)*0.001) -> 7.8 | Z54: =Y54*X54 -> 181981.8 | AB54: 1공장
A55: 46145 | B55: PRESS | C55: S | D55: PS12-2 | E55: 681266 | F55: =VLOOKUP(표1[[#This Row],[품번]],[1]!품번구분[#Data],2,0) -> S | G55: 1152 | H55: 125 | I55: 500 | J55: =표1[[#This Row],[C/V]]*표1[[#This Row],[판수]]-표1[[#This Row],[불량수량]] -> 143500 | K55: 안두엔 | L55: 특야 | M55: 0.75 | N55: 0.33333333 | O55: 726 | P55: 24 | R55: =IF(H55=0,"",H55/O55*60) -> 10.330579 | S55: =SUMIFS(H:H,$A:$A,A55,$D:$D,D55,$E:$E,E55) -> 214 | T55: =IF(L55="비가동",0,VLOOKUP(E55,[1]단가!$D$4:$G$1048576,4,0)) -> 9.27 | U55: =IF(L55="비가동",0,T55*J55) -> 1330245 | V55: =IF($L55="비가동",0,IF($B55="in",VLOOKUP($E55,[1]투입량!$M:$T,3,FALSE),VLOOKUP($E55,[1]투입량!$D:$I,3,FALSE))) -> SI4020-2 | W55: =IF($L55="비가동",0,IF($B55="in",VLOOKUP($E55,[1]투입량!$M:$T,6,FALSE),VLOOKUP($E55,[1]투입량!$D:$I,5,FALSE))) -> 364 | X55: =IF(L55="비가동",0,(W55*1.1)*H55) -> 50050 | Y55: =IF(V55=0,0,VLOOKUP(V55,[1]원재료!C:H,3,0)*0.001) -> 10.5 | Z55: =Y55*X55 -> 525525 | AB55: 1공장
A56: 46145 | B56: PRESS | C56: S | D56: PS12-2 | E56: 681266 | F56: =VLOOKUP(표1[[#This Row],[품번]],[1]!품번구분[#Data],2,0) -> S | J56: =표1[[#This Row],[C/V]]*표1[[#This Row],[판수]]-표1[[#This Row],[불량수량]] -> 0 | K56: 안두엔 | L56: 비가동 | M56: 0.17361111 | N56: 0.19027778 | O56: 24 | P56: 0 | Q56: 설비이상 | R56: =IF(H56=0,"",H56/O56*60) | S56: =SUMIFS(H:H,$A:$A,A56,$D:$D,D56,$E:$E,E56) -> 214 | T56: =IF(L56="비가동",0,VLOOKUP(E56,[1]단가!$D$4:$G$1048576,4,0)) -> 0 | U56: =IF(L56="비가동",0,T56*J56) -> 0 | V56: =IF($L56="비가동",0,IF($B56="in",VLOOKUP($E56,[1]투입량!$M:$T,3,FALSE),VLOOKUP($E56,[1]투입량!$D:$I,3,FALSE))) -> 0 | W56: =IF($L56="비가동",0,IF($B56="in",VLOOKUP($E56,[1]투입량!$M:$T,6,FALSE),VLOOKUP($E56,[1]투입량!$D:$I,5,FALSE))) -> 0 | X56: =IF(L56="비가동",0,(W56*1.1)*H56) -> 0 | Y56: =IF(V56=0,0,VLOOKUP(V56,[1]원재료!C:H,3,0)*0.001) -> 0 | Z56: =Y56*X56 -> 0 | AA56: 메인 전원 이상 | AB56: 1공장
A57: 46145 | B57: PRESS | C57: S | D57: PS13-1 | E57: R600206 | F57: =VLOOKUP(표1[[#This Row],[품번]],[1]!품번구분[#Data],2,0) -> S | G57: 48 | H57: 114 | J57: =표1[[#This Row],[C/V]]*표1[[#This Row],[판수]]-표1[[#This Row],[불량수량]] -> 5472 | K57: 민(B) | L57: 특야 | M57: 0.75 | N57: 0.33333333 | O57: 750 | P57: 0 | R57: =IF(H57=0,"",H57/O57*60) -> 9.12 | S57: =SUMIFS(H:H,$A:$A,A57,$D:$D,D57,$E:$E,E57) -> 114 | T57: =IF(L57="비가동",0,VLOOKUP(E57,[1]단가!$D$4:$G$1048576,4,0)) -> 32.99 | U57: =IF(L57="비가동",0,T57*J57) -> 180521.28 | V57: =IF($L57="비가동",0,IF($B57="in",VLOOKUP($E57,[1]투입량!$M:$T,3,FALSE),VLOOKUP($E57,[1]투입량!$D:$I,3,FALSE))) -> SI4020 | W57: =IF($L57="비가동",0,IF($B57="in",VLOOKUP($E57,[1]투입량!$M:$T,6,FALSE),VLOOKUP($E57,[1]투입량!$D:$I,5,FALSE))) -> 63 | X57: =IF(L57="비가동",0,(W57*1.1)*H57) -> 7900.2 | Y57: =IF(V57=0,0,VLOOKUP(V57,[1]원재료!C:H,3,0)*0.001) -> 8.7 | Z57: =Y57*X57 -> 68731.74 | AB57: 1공장
A58: 46145 | B58: PRESS | C58: S | D58: PS13-2 | E58: R602512 | F58: =VLOOKUP(표1[[#This Row],[품번]],[1]!품번구분[#Data],2,0) -> S | G58: 288 | H58: 114 | J58: =표1[[#This Row],[C/V]]*표1[[#This Row],[판수]]-표1[[#This Row],[불량수량]] -> 32832 | K58: 민(B) | L58: 특야 | M58: 0.75 | N58: 0.33333333 | O58: 750 | P58: 0 | R58: =IF(H58=0,"",H58/O58*60) -> 9.12 | S58: =SUMIFS(H:H,$A:$A,A58,$D:$D,D58,$E:$E,E58) -> 114 | T58: =IF(L58="비가동",0,VLOOKUP(E58,[1]단가!$D$4:$G$1048576,4,0)) -> 17.6 | U58: =IF(L58="비가동",0,T58*J58) -> 577843.2 | V58: =IF($L58="비가동",0,IF($B58="in",VLOOKUP($E58,[1]투입량!$M:$T,3,FALSE),VLOOKUP($E58,[1]투입량!$D:$I,3,FALSE))) -> SI3020 | W58: =IF($L58="비가동",0,IF($B58="in",VLOOKUP($E58,[1]투입량!$M:$T,6,FALSE),VLOOKUP($E58,[1]투입량!$D:$I,5,FALSE))) -> 174 | X58: =IF(L58="비가동",0,(W58*1.1)*H58) -> 21819.6 | Y58: =IF(V58=0,0,VLOOKUP(V58,[1]원재료!C:H,3,0)*0.001) -> 9.85 | Z58: =Y58*X58 -> 214923.06 | AB58: 1공장
A59: 46145 | B59: PRESS | C59: S | D59: PS13-3 | E59: R603854 | F59: =VLOOKUP(표1[[#This Row],[품번]],[1]!품번구분[#Data],2,0) -> S | G59: 160 | H59: 114 | J59: =표1[[#This Row],[C/V]]*표1[[#This Row],[판수]]-표1[[#This Row],[불량수량]] -> 18240 | K59: 민(B) | L59: 특야 | M59: 0.75 | N59: 0.33333333 | O59: 750 | P59: 0 | R59: =IF(H59=0,"",H59/O59*60) -> 9.12 | S59: =SUMIFS(H:H,$A:$A,A59,$D:$D,D59,$E:$E,E59) -> 114 | T59: =IF(L59="비가동",0,VLOOKUP(E59,[1]단가!$D$4:$G$1048576,4,0)) -> 49.5 | U59: =IF(L59="비가동",0,T59*J59) -> 902880 | V59: =IF($L59="비가동",0,IF($B59="in",VLOOKUP($E59,[1]투입량!$M:$T,3,FALSE),VLOOKUP($E59,[1]투입량!$D:$I,3,FALSE))) -> SI3020K | W59: =IF($L59="비가동",0,IF($B59="in",VLOOKUP($E59,[1]투입량!$M:$T,6,FALSE),VLOOKUP($E59,[1]투입량!$D:$I,5,FALSE))) -> 168 | X59: =IF(L59="비가동",0,(W59*1.1)*H59) -> 21067.2 | Y59: =IF(V59=0,0,VLOOKUP(V59,[1]원재료!C:H,3,0)*0.001) -> 9.85 | Z59: =Y59*X59 -> 207511.92 | AB59: 1공장
A60: 46146 | B60: PRESS | C60: S | D60: PS01-1 | E60: R600116 | F60: =VLOOKUP(표1[[#This Row],[품번]],[1]!품번구분[#Data],2,0) -> S | G60: 220 | H60: 87 | I60: 87 | J60: =표1[[#This Row],[C/V]]*표1[[#This Row],[판수]]-표1[[#This Row],[불량수량]] -> 19053 | K60: 티시우 | L60: 연장 | M60: 0.33333333 | N60: 0.83333333 | O60: 620 | P60: 0 | R60: =IF(H60=0,"",H60/O60*60) -> 8.4193548 | S60: =SUMIFS(H:H,$A:$A,A60,$D:$D,D60,$E:$E,E60) -> 180 | T60: =IF(L60="비가동",0,VLOOKUP(E60,[1]단가!$D$4:$G$1048576,4,0)) -> 36.72 | U60: =IF(L60="비가동",0,T60*J60) -> 699626.16 | V60: =IF($L60="비가동",0,IF($B60="in",VLOOKUP($E60,[1]투입량!$M:$T,3,FALSE),VLOOKUP($E60,[1]투입량!$D:$I,3,FALSE))) -> SI4022 | W60: =IF($L60="비가동",0,IF($B60="in",VLOOKUP($E60,[1]투입량!$M:$T,6,FALSE),VLOOKUP($E60,[1]투입량!$D:$I,5,FALSE))) -> 60 | X60: =IF(L60="비가동",0,(W60*1.1)*H60) -> 5742 | Y60: =IF(V60=0,0,VLOOKUP(V60,[1]원재료!C:H,3,0)*0.001) -> 10.15 | Z60: =Y60*X60 -> 58281.3 | AB60: 1공장
A61: 46146 | B61: PRESS | C61: S | D61: PS01-2 | E61: R602252 | F61: =VLOOKUP(표1[[#This Row],[품번]],[1]!품번구분[#Data],2,0) -> S | G61: 190 | H61: 87 | I61: 87 | J61: =표1[[#This Row],[C/V]]*표1[[#This Row],[판수]]-표1[[#This Row],[불량수량]] -> 16443 | K61: 티시우 | L61: 연장 | M61: 0.33333333 | N61: 0.83333333 | O61: 620 | P61: 0 | R61: =IF(H61=0,"",H61/O61*60) -> 8.4193548 | S61: =SUMIFS(H:H,$A:$A,A61,$D:$D,D61,$E:$E,E61) -> 180 | T61: =IF(L61="비가동",0,VLOOKUP(E61,[1]단가!$D$4:$G$1048576,4,0)) -> 24 | U61: =IF(L61="비가동",0,T61*J61) -> 394632 | V61: =IF($L61="비가동",0,IF($B61="in",VLOOKUP($E61,[1]투입량!$M:$T,3,FALSE),VLOOKUP($E61,[1]투입량!$D:$I,3,FALSE))) -> SI3020 | W61: =IF($L61="비가동",0,IF($B61="in",VLOOKUP($E61,[1]투입량!$M:$T,6,FALSE),VLOOKUP($E61,[1]투입량!$D:$I,5,FALSE))) -> 208 | X61: =IF(L61="비가동",0,(W61*1.1)*H61) -> 19905.6 | Y61: =IF(V61=0,0,VLOOKUP(V61,[1]원재료!C:H,3,0)*0.001) -> 9.85 | Z61: =Y61*X61 -> 196070.16 | AB61: 1공장
A62: 46146 | B62: PRESS | C62: S | D62: PS01-3 | E62: NU 615470 | F62: =VLOOKUP(표1[[#This Row],[품번]],[1]!품번구분[#Data],2,0) -> G | G62: 90 | H62: 87 | J62: =표1[[#This Row],[C/V]]*표1[[#This Row],[판수]]-표1[[#This Row],[불량수량]] -> 7830 | K62: 티시우 | L62: 연장 | M62: 0.33333333 | N62: 0.83333333 | O62: 620 | P62: 0 | R62: =IF(H62=0,"",H62/O62*60) -> 8.4193548 | S62: =SUMIFS(H:H,$A:$A,A62,$D:$D,D62,$E:$E,E62) -> 180 | T62: =IF(L62="비가동",0,VLOOKUP(E62,[1]단가!$D$4:$G$1048576,4,0)) -> 60 | U62: =IF(L62="비가동",0,T62*J62) -> 469800 | V62: =IF($L62="비가동",0,IF($B62="in",VLOOKUP($E62,[1]투입량!$M:$T,3,FALSE),VLOOKUP($E62,[1]투입량!$D:$I,3,FALSE))) -> SI4027K | W62: =IF($L62="비가동",0,IF($B62="in",VLOOKUP($E62,[1]투입량!$M:$T,6,FALSE),VLOOKUP($E62,[1]투입량!$D:$I,5,FALSE))) -> 330 | X62: =IF(L62="비가동",0,(W62*1.1)*H62) -> 31581 | Y62: =IF(V62=0,0,VLOOKUP(V62,[1]원재료!C:H,3,0)*0.001) -> 9 | Z62: =Y62*X62 -> 284229 | AB62: 1공장
A63: 46146 | B63: PRESS | C63: S | D63: PS01-1 | E63: R600116 | F63: =VLOOKUP(표1[[#This Row],[품번]],[1]!품번구분[#Data],2,0) -> S | G63: 220 | H63: 93 | I63: 93 | J63: =표1[[#This Row],[C/V]]*표1[[#This Row],[판수]]-표1[[#This Row],[불량수량]] -> 20367 | K63: 티히엔(C) | L63: 야간 | M63: 0.83333333 | N63: 0.33333333 | O63: 660 | P63: 0 | R63: =IF(H63=0,"",H63/O63*60) -> 8.4545455 | S63: =SUMIFS(H:H,$A:$A,A63,$D:$D,D63,$E:$E,E63) -> 180 | T63: =IF(L63="비가동",0,VLOOKUP(E63,[1]단가!$D$4:$G$1048576,4,0)) -> 36.72 | U63: =IF(L63="비가동",0,T63*J63) -> 747876.24 | V63: =IF($L63="비가동",0,IF($B63="in",VLOOKUP($E63,[1]투입량!$M:$T,3,FALSE),VLOOKUP($E63,[1]투입량!$D:$I,3,FALSE))) -> SI4022 | W63: =IF($L63="비가동",0,IF($B63="in",VLOOKUP($E63,[1]투입량!$M:$T,6,FALSE),VLOOKUP($E63,[1]투입량!$D:$I,5,FALSE))) -> 60 | X63: =IF(L63="비가동",0,(W63*1.1)*H63) -> 6138 | Y63: =IF(V63=0,0,VLOOKUP(V63,[1]원재료!C:H,3,0)*0.001) -> 10.15 | Z63: =Y63*X63 -> 62300.7 | AB63: 1공장
A64: 46146 | B64: PRESS | C64: S | D64: PS01-2 | E64: R602252 | F64: =VLOOKUP(표1[[#This Row],[품번]],[1]!품번구분[#Data],2,0) -> S | G64: 190 | H64: 93 | I64: 93 | J64: =표1[[#This Row],[C/V]]*표1[[#This Row],[판수]]-표1[[#This Row],[불량수량]] -> 17577 | K64: 티히엔(C) | L64: 야간 | M64: 0.83333333 | N64: 0.33333333 | O64: 660 | P64: 0 | R64: =IF(H64=0,"",H64/O64*60) -> 8.4545455 | S64: =SUMIFS(H:H,$A:$A,A64,$D:$D,D64,$E:$E,E64) -> 180 | T64: =IF(L64="비가동",0,VLOOKUP(E64,[1]단가!$D$4:$G$1048576,4,0)) -> 24 | U64: =IF(L64="비가동",0,T64*J64) -> 421848 | V64: =IF($L64="비가동",0,IF($B64="in",VLOOKUP($E64,[1]투입량!$M:$T,3,FALSE),VLOOKUP($E64,[1]투입량!$D:$I,3,FALSE))) -> SI3020 | W64: =IF($L64="비가동",0,IF($B64="in",VLOOKUP($E64,[1]투입량!$M:$T,6,FALSE),VLOOKUP($E64,[1]투입량!$D:$I,5,FALSE))) -> 208 | X64: =IF(L64="비가동",0,(W64*1.1)*H64) -> 21278.4 | Y64: =IF(V64=0,0,VLOOKUP(V64,[1]원재료!C:H,3,0)*0.001) -> 9.85 | Z64: =Y64*X64 -> 209592.24 | AB64: 1공장
A65: 46146 | B65: PRESS | C65: S | D65: PS01-3 | E65: NU 615470 | F65: =VLOOKUP(표1[[#This Row],[품번]],[1]!품번구분[#Data],2,0) -> G | G65: 90 | H65: 93 | J65: =표1[[#This Row],[C/V]]*표1[[#This Row],[판수]]-표1[[#This Row],[불량수량]] -> 8370 | K65: 티히엔(C) | L65: 야간 | M65: 0.83333333 | N65: 0.33333333 | O65: 660 | P65: 0 | R65: =IF(H65=0,"",H65/O65*60) -> 8.4545455 | S65: =SUMIFS(H:H,$A:$A,A65,$D:$D,D65,$E:$E,E65) -> 180 | T65: =IF(L65="비가동",0,VLOOKUP(E65,[1]단가!$D$4:$G$1048576,4,0)) -> 60 | U65: =IF(L65="비가동",0,T65*J65) -> 502200 | V65: =IF($L65="비가동",0,IF($B65="in",VLOOKUP($E65,[1]투입량!$M:$T,3,FALSE),VLOOKUP($E65,[1]투입량!$D:$I,3,FALSE))) -> SI4027K | W65: =IF($L65="비가동",0,IF($B65="in",VLOOKUP($E65,[1]투입량!$M:$T,6,FALSE),VLOOKUP($E65,[1]투입량!$D:$I,5,FALSE))) -> 330 | X65: =IF(L65="비가동",0,(W65*1.1)*H65) -> 33759 | Y65: =IF(V65=0,0,VLOOKUP(V65,[1]원재료!C:H,3,0)*0.001) -> 9 | Z65: =Y65*X65 -> 303831 | AB65: 1공장
A66: 46146 | B66: PRESS | C66: S | D66: PS02-2 | E66: 230202 | F66: =VLOOKUP(표1[[#This Row],[품번]],[1]!품번구분[#Data],2,0) -> G | G66: 900 | H66: 17 | I66: 119 | J66: =표1[[#This Row],[C/V]]*표1[[#This Row],[판수]]-표1[[#This Row],[불량수량]] -> 15181 | K66: 반화 | L66: 야간 | M66: 0.83333333 | N66: 0.33333333 | O66: 520 | P66: 140 | R66: =IF(H66=0,"",H66/O66*60) -> 1.9615385 | S66: =SUMIFS(H:H,$A:$A,A66,$D:$D,D66,$E:$E,E66) -> 17 | T66: =IF(L66="비가동",0,VLOOKUP(E66,[1]단가!$D$4:$G$1048576,4,0)) -> 100 | U66: =IF(L66="비가동",0,T66*J66) -> 1518100 | V66: =IF($L66="비가동",0,IF($B66="in",VLOOKUP($E66,[1]투입량!$M:$T,3,FALSE),VLOOKUP($E66,[1]투입량!$D:$I,3,FALSE))) -> Q4020 | W66: =IF($L66="비가동",0,IF($B66="in",VLOOKUP($E66,[1]투입량!$M:$T,6,FALSE),VLOOKUP($E66,[1]투입량!$D:$I,5,FALSE))) -> 60 | X66: =IF(L66="비가동",0,(W66*1.1)*H66) -> 1122 | Y66: =IF(V66=0,0,VLOOKUP(V66,[1]원재료!C:H,3,0)*0.001) -> 10.45 | Z66: =Y66*X66 -> 11724.9 | AB66: 1공장
A67: 46146 | B67: PRESS | C67: S | D67: PS02-2 | E67: 230202 | F67: =VLOOKUP(표1[[#This Row],[품번]],[1]!품번구분[#Data],2,0) -> G | J67: =표1[[#This Row],[C/V]]*표1[[#This Row],[판수]]-표1[[#This Row],[불량수량]] -> 0 | K67: 반화 | L67: 비가동 | M67: 0.83333333 | N67: 0.875 | O67: 60 | P67: 0 | Q67: 근태변경 | R67: =IF(H67=0,"",H67/O67*60) | S67: =SUMIFS(H:H,$A:$A,A67,$D:$D,D67,$E:$E,E67) -> 17 | T67: =IF(L67="비가동",0,VLOOKUP(E67,[1]단가!$D$4:$G$1048576,4,0)) -> 0 | U67: =IF(L67="비가동",0,T67*J67) -> 0 | V67: =IF($L67="비가동",0,IF($B67="in",VLOOKUP($E67,[1]투입량!$M:$T,3,FALSE),VLOOKUP($E67,[1]투입량!$D:$I,3,FALSE))) -> 0 | W67: =IF($L67="비가동",0,IF($B67="in",VLOOKUP($E67,[1]투입량!$M:$T,6,FALSE),VLOOKUP($E67,[1]투입량!$D:$I,5,FALSE))) -> 0 | X67: =IF(L67="비가동",0,(W67*1.1)*H67) -> 0 | Y67: =IF(V67=0,0,VLOOKUP(V67,[1]원재료!C:H,3,0)*0.001) -> 0 | Z67: =Y67*X67 -> 0 | AA67: 현장 관리 병행 | AB67: 1공장
A68: 46146 | B68: PRESS | C68: S | D68: PS02-2 | E68: 230202 | F68: =VLOOKUP(표1[[#This Row],[품번]],[1]!품번구분[#Data],2,0) -> G | J68: =표1[[#This Row],[C/V]]*표1[[#This Row],[판수]]-표1[[#This Row],[불량수량]] -> 0 | K68: 반화 | L68: 비가동 | M68: 0.27777778 | N68: 0.33333333 | O68: 80 | P68: 0 | Q68: 근태변경 | R68: =IF(H68=0,"",H68/O68*60) | S68: =SUMIFS(H:H,$A:$A,A68,$D:$D,D68,$E:$E,E68) -> 17 | T68: =IF(L68="비가동",0,VLOOKUP(E68,[1]단가!$D$4:$G$1048576,4,0)) -> 0 | U68: =IF(L68="비가동",0,T68*J68) -> 0 | V68: =IF($L68="비가동",0,IF($B68="in",VLOOKUP($E68,[1]투입량!$M:$T,3,FALSE),VLOOKUP($E68,[1]투입량!$D:$I,3,FALSE))) -> 0 | W68: =IF($L68="비가동",0,IF($B68="in",VLOOKUP($E68,[1]투입량!$M:$T,6,FALSE),VLOOKUP($E68,[1]투입량!$D:$I,5,FALSE))) -> 0 | X68: =IF(L68="비가동",0,(W68*1.1)*H68) -> 0 | Y68: =IF(V68=0,0,VLOOKUP(V68,[1]원재료!C:H,3,0)*0.001) -> 0 | Z68: =Y68*X68 -> 0 | AA68: 현장 관리 병행 | AB68: 1공장
A69: 46146 | B69: PRESS | C69: S | D69: PS03-1 | E69: R600050 | F69: =VLOOKUP(표1[[#This Row],[품번]],[1]!품번구분[#Data],2,0) -> S | G69: 252 | H69: 95 | J69: =표1[[#This Row],[C/V]]*표1[[#This Row],[판수]]-표1[[#This Row],[불량수량]] -> 23940 | K69: 응안 | L69: 연장 | M69: 0.33333333 | N69: 0.83333333 | O69: 620 | P69: 0 | R69: =IF(H69=0,"",H69/O69*60) -> 9.1935484 | S69: =SUMIFS(H:H,$A:$A,A69,$D:$D,D69,$E:$E,E69) -> 195 | T69: =IF(L69="비가동",0,VLOOKUP(E69,[1]단가!$D$4:$G$1048576,4,0)) -> 25.09 | U69: =IF(L69="비가동",0,T69*J69) -> 600654.6 | V69: =IF($L69="비가동",0,IF($B69="in",VLOOKUP($E69,[1]투입량!$M:$T,3,FALSE),VLOOKUP($E69,[1]투입량!$D:$I,3,FALSE))) -> SI4022 | W69: =IF($L69="비가동",0,IF($B69="in",VLOOKUP($E69,[1]투입량!$M:$T,6,FALSE),VLOOKUP($E69,[1]투입량!$D:$I,5,FALSE))) -> 354 | X69: =IF(L69="비가동",0,(W69*1.1)*H69) -> 36993 | Y69: =IF(V69=0,0,VLOOKUP(V69,[1]원재료!C:H,3,0)*0.001) -> 10.15 | Z69: =Y69*X69 -> 375478.95 | AB69: 1공장
A70: 46146 | B70: PRESS | C70: S | D70: PS03-2 | E70: R600063 | F70: =VLOOKUP(표1[[#This Row],[품번]],[1]!품번구분[#Data],2,0) -> S | G70: 170 | H70: 95 | I70: 95 | J70: =표1[[#This Row],[C/V]]*표1[[#This Row],[판수]]-표1[[#This Row],[불량수량]] -> 16055 | K70: 응안 | L70: 연장 | M70: 0.33333333 | N70: 0.83333333 | O70: 620 | P70: 0 | R70: =IF(H70=0,"",H70/O70*60) -> 9.1935484 | S70: =SUMIFS(H:H,$A:$A,A70,$D:$D,D70,$E:$E,E70) -> 195 | T70: =IF(L70="비가동",0,VLOOKUP(E70,[1]단가!$D$4:$G$1048576,4,0)) -> 19.73 | U70: =IF(L70="비가동",0,T70*J70) -> 316765.15 | V70: =IF($L70="비가동",0,IF($B70="in",VLOOKUP($E70,[1]투입량!$M:$T,3,FALSE),VLOOKUP($E70,[1]투입량!$D:$I,3,FALSE))) -> SI4022 | W70: =IF($L70="비가동",0,IF($B70="in",VLOOKUP($E70,[1]투입량!$M:$T,6,FALSE),VLOOKUP($E70,[1]투입량!$D:$I,5,FALSE))) -> 130 | X70: =IF(L70="비가동",0,(W70*1.1)*H70) -> 13585 | Y70: =IF(V70=0,0,VLOOKUP(V70,[1]원재료!C:H,3,0)*0.001) -> 10.15 | Z70: =Y70*X70 -> 137887.75 | AB70: 1공장
A71: 46146 | B71: PRESS | C71: S | D71: PS03-3 | E71: GL3 610853 | F71: =VLOOKUP(표1[[#This Row],[품번]],[1]!품번구분[#Data],2,0) -> G | G71: 160 | H71: 95 | J71: =표1[[#This Row],[C/V]]*표1[[#This Row],[판수]]-표1[[#This Row],[불량수량]] -> 15200 | K71: 응안 | L71: 연장 | M71: 0.33333333 | N71: 0.83333333 | O71: 620 | P71: 0 | R71: =IF(H71=0,"",H71/O71*60) -> 9.1935484 | S71: =SUMIFS(H:H,$A:$A,A71,$D:$D,D71,$E:$E,E71) -> 195 | T71: =IF(L71="비가동",0,VLOOKUP(E71,[1]단가!$D$4:$G$1048576,4,0)) -> 41 | U71: =IF(L71="비가동",0,T71*J71) -> 623200 | V71: =IF($L71="비가동",0,IF($B71="in",VLOOKUP($E71,[1]투입량!$M:$T,3,FALSE),VLOOKUP($E71,[1]투입량!$D:$I,3,FALSE))) -> Q4020 | W71: =IF($L71="비가동",0,IF($B71="in",VLOOKUP($E71,[1]투입량!$M:$T,6,FALSE),VLOOKUP($E71,[1]투입량!$D:$I,5,FALSE))) -> 200 | X71: =IF(L71="비가동",0,(W71*1.1)*H71) -> 20900 | Y71: =IF(V71=0,0,VLOOKUP(V71,[1]원재료!C:H,3,0)*0.001) -> 10.45 | Z71: =Y71*X71 -> 218405 | AB71: 1공장
A72: 46146 | B72: PRESS | C72: S | D72: PS03-1 | E72: R600050 | F72: =VLOOKUP(표1[[#This Row],[품번]],[1]!품번구분[#Data],2,0) -> S | G72: 252 | H72: 100 | J72: =표1[[#This Row],[C/V]]*표1[[#This Row],[판수]]-표1[[#This Row],[불량수량]] -> 25200 | K72: 튀린(B) | L72: 야간 | M72: 0.83333333 | N72: 0.33333333 | O72: 660 | P72: 0 | R72: =IF(H72=0,"",H72/O72*60) -> 9.0909091 | S72: =SUMIFS(H:H,$A:$A,A72,$D:$D,D72,$E:$E,E72) -> 195 | T72: =IF(L72="비가동",0,VLOOKUP(E72,[1]단가!$D$4:$G$1048576,4,0)) -> 25.09 | U72: =IF(L72="비가동",0,T72*J72) -> 632268 | V72: =IF($L72="비가동",0,IF($B72="in",VLOOKUP($E72,[1]투입량!$M:$T,3,FALSE),VLOOKUP($E72,[1]투입량!$D:$I,3,FALSE))) -> SI4022 | W72: =IF($L72="비가동",0,IF($B72="in",VLOOKUP($E72,[1]투입량!$M:$T,6,FALSE),VLOOKUP($E72,[1]투입량!$D:$I,5,FALSE))) -> 354 | X72: =IF(L72="비가동",0,(W72*1.1)*H72) -> 38940 | Y72: =IF(V72=0,0,VLOOKUP(V72,[1]원재료!C:H,3,0)*0.001) -> 10.15 | Z72: =Y72*X72 -> 395241 | AB72: 1공장
A73: 46146 | B73: PRESS | C73: S | D73: PS03-2 | E73: R600063 | F73: =VLOOKUP(표1[[#This Row],[품번]],[1]!품번구분[#Data],2,0) -> S | G73: 170 | H73: 100 | I73: 100 | J73: =표1[[#This Row],[C/V]]*표1[[#This Row],[판수]]-표1[[#This Row],[불량수량]] -> 16900 | K73: 튀린(B) | L73: 야간 | M73: 0.83333333 | N73: 0.33333333 | O73: 660 | P73: 0 | R73: =IF(H73=0,"",H73/O73*60) -> 9.0909091 | S73: =SUMIFS(H:H,$A:$A,A73,$D:$D,D73,$E:$E,E73) -> 195 | T73: =IF(L73="비가동",0,VLOOKUP(E73,[1]단가!$D$4:$G$1048576,4,0)) -> 19.73 | U73: =IF(L73="비가동",0,T73*J73) -> 333437 | V73: =IF($L73="비가동",0,IF($B73="in",VLOOKUP($E73,[1]투입량!$M:$T,3,FALSE),VLOOKUP($E73,[1]투입량!$D:$I,3,FALSE))) -> SI4022 | W73: =IF($L73="비가동",0,IF($B73="in",VLOOKUP($E73,[1]투입량!$M:$T,6,FALSE),VLOOKUP($E73,[1]투입량!$D:$I,5,FALSE))) -> 130 | X73: =IF(L73="비가동",0,(W73*1.1)*H73) -> 14300 | Y73: =IF(V73=0,0,VLOOKUP(V73,[1]원재료!C:H,3,0)*0.001) -> 10.15 | Z73: =Y73*X73 -> 145145 | AB73: 1공장
A74: 46146 | B74: PRESS | C74: S | D74: PS03-3 | E74: GL3 610853 | F74: =VLOOKUP(표1[[#This Row],[품번]],[1]!품번구분[#Data],2,0) -> G | G74: 160 | H74: 100 | J74: =표1[[#This Row],[C/V]]*표1[[#This Row],[판수]]-표1[[#This Row],[불량수량]] -> 16000 | K74: 튀린(B) | L74: 야간 | M74: 0.83333333 | N74: 0.33333333 | O74: 660 | P74: 0 | R74: =IF(H74=0,"",H74/O74*60) -> 9.0909091 | S74: =SUMIFS(H:H,$A:$A,A74,$D:$D,D74,$E:$E,E74) -> 195 | T74: =IF(L74="비가동",0,VLOOKUP(E74,[1]단가!$D$4:$G$1048576,4,0)) -> 41 | U74: =IF(L74="비가동",0,T74*J74) -> 656000 | V74: =IF($L74="비가동",0,IF($B74="in",VLOOKUP($E74,[1]투입량!$M:$T,3,FALSE),VLOOKUP($E74,[1]투입량!$D:$I,3,FALSE))) -> Q4020 | W74: =IF($L74="비가동",0,IF($B74="in",VLOOKUP($E74,[1]투입량!$M:$T,6,FALSE),VLOOKUP($E74,[1]투입량!$D:$I,5,FALSE))) -> 200 | X74: =IF(L74="비가동",0,(W74*1.1)*H74) -> 22000 | Y74: =IF(V74=0,0,VLOOKUP(V74,[1]원재료!C:H,3,0)*0.001) -> 10.45 | Z74: =Y74*X74 -> 229900 | AB74: 1공장
A75: 46146 | B75: PRESS | C75: S | D75: PS04-1 | E75: 681114 | F75: =VLOOKUP(표1[[#This Row],[품번]],[1]!품번구분[#Data],2,0) -> S | G75: 1156 | H75: 106 | I75: 318 | J75: =표1[[#This Row],[C/V]]*표1[[#This Row],[판수]]-표1[[#This Row],[불량수량]] -> 122218 | K75: 반록 | L75: 연장 | M75: 0.33333333 | N75: 0.83333333 | O75: 620 | P75: 0 | R75: =IF(H75=0,"",H75/O75*60) -> 10.258065 | S75: =SUMIFS(H:H,$A:$A,A75,$D:$D,D75,$E:$E,E75) -> 219 | T75: =IF(L75="비가동",0,VLOOKUP(E75,[1]단가!$D$4:$G$1048576,4,0)) -> 8.76 | U75: =IF(L75="비가동",0,T75*J75) -> 1070629.7 | V75: =IF($L75="비가동",0,IF($B75="in",VLOOKUP($E75,[1]투입량!$M:$T,3,FALSE),VLOOKUP($E75,[1]투입량!$D:$I,3,FALSE))) -> SI5521 | W75: =IF($L75="비가동",0,IF($B75="in",VLOOKUP($E75,[1]투입량!$M:$T,6,FALSE),VLOOKUP($E75,[1]투입량!$D:$I,5,FALSE))) -> 330 | X75: =IF(L75="비가동",0,(W75*1.1)*H75) -> 38478 | Y75: =IF(V75=0,0,VLOOKUP(V75,[1]원재료!C:H,3,0)*0.001) -> 8.25 | Z75: =Y75*X75 -> 317443.5 | AB75: 1공장
A76: 46146 | B76: PRESS | C76: S | D76: PS04-2 | E76: 410001 | F76: =VLOOKUP(표1[[#This Row],[품번]],[1]!품번구분[#Data],2,0) -> G | G76: 1600 | H76: 95 | J76: =표1[[#This Row],[C/V]]*표1[[#This Row],[판수]]-표1[[#This Row],[불량수량]] -> 152000 | K76: 단톤 | L76: 연장 | M76: 0.33333333 | N76: 0.83333333 | O76: 620 | P76: 0 | R76: =IF(H76=0,"",H76/O76*60) -> 9.1935484 | S76: =SUMIFS(H:H,$A:$A,A76,$D:$D,D76,$E:$E,E76) -> 198 | T76: =IF(L76="비가동",0,VLOOKUP(E76,[1]단가!$D$4:$G$1048576,4,0)) -> 9.5 | U76: =IF(L76="비가동",0,T76*J76) -> 1444000 | V76: =IF($L76="비가동",0,IF($B76="in",VLOOKUP($E76,[1]투입량!$M:$T,3,FALSE),VLOOKUP($E76,[1]투입량!$D:$I,3,FALSE))) -> Q4004-2 | W76: =IF($L76="비가동",0,IF($B76="in",VLOOKUP($E76,[1]투입량!$M:$T,6,FALSE),VLOOKUP($E76,[1]투입량!$D:$I,5,FALSE))) -> 46 | X76: =IF(L76="비가동",0,(W76*1.1)*H76) -> 4807 | Y76: =IF(V76=0,0,VLOOKUP(V76,[1]원재료!C:H,3,0)*0.001) -> 10.45 | Z76: =Y76*X76 -> 50233.15 | AB76: 1공장
A77: 46146 | B77: PRESS | C77: S | D77: PS04-1 | E77: 681114 | F77: =VLOOKUP(표1[[#This Row],[품번]],[1]!품번구분[#Data],2,0) -> S | G77: 1156 | H77: 113 | I77: 339 | J77: =표1[[#This Row],[C/V]]*표1[[#This Row],[판수]]-표1[[#This Row],[불량수량]] -> 130289 | K77: 마이(B) | L77: 야간 | M77: 0.83333333 | N77: 0.33333333 | O77: 660 | P77: 0 | R77: =IF(H77=0,"",H77/O77*60) -> 10.272727 | S77: =SUMIFS(H:H,$A:$A,A77,$D:$D,D77,$E:$E,E77) -> 219 | T77: =IF(L77="비가동",0,VLOOKUP(E77,[1]단가!$D$4:$G$1048576,4,0)) -> 8.76 | U77: =IF(L77="비가동",0,T77*J77) -> 1141331.6 | V77: =IF($L77="비가동",0,IF($B77="in",VLOOKUP($E77,[1]투입량!$M:$T,3,FALSE),VLOOKUP($E77,[1]투입량!$D:$I,3,FALSE))) -> SI5521 | W77: =IF($L77="비가동",0,IF($B77="in",VLOOKUP($E77,[1]투입량!$M:$T,6,FALSE),VLOOKUP($E77,[1]투입량!$D:$I,5,FALSE))) -> 330 | X77: =IF(L77="비가동",0,(W77*1.1)*H77) -> 41019 | Y77: =IF(V77=0,0,VLOOKUP(V77,[1]원재료!C:H,3,0)*0.001) -> 8.25 | Z77: =Y77*X77 -> 338406.75 | AB77: 1공장
A78: 46146 | B78: PRESS | C78: S | D78: PS04-2 | E78: 410001 | F78: =VLOOKUP(표1[[#This Row],[품번]],[1]!품번구분[#Data],2,0) -> G | G78: 1600 | H78: 103 | J78: =표1[[#This Row],[C/V]]*표1[[#This Row],[판수]]-표1[[#This Row],[불량수량]] -> 164800 | K78: 홍공 | L78: 야간 | M78: 0.83333333 | N78: 0.33333333 | O78: 660 | P78: 0 | R78: =IF(H78=0,"",H78/O78*60) -> 9.3636364 | S78: =SUMIFS(H:H,$A:$A,A78,$D:$D,D78,$E:$E,E78) -> 198 | T78: =IF(L78="비가동",0,VLOOKUP(E78,[1]단가!$D$4:$G$1048576,4,0)) -> 9.5 | U78: =IF(L78="비가동",0,T78*J78) -> 1565600 | V78: =IF($L78="비가동",0,IF($B78="in",VLOOKUP($E78,[1]투입량!$M:$T,3,FALSE),VLOOKUP($E78,[1]투입량!$D:$I,3,FALSE))) -> Q4004-2 | W78: =IF($L78="비가동",0,IF($B78="in",VLOOKUP($E78,[1]투입량!$M:$T,6,FALSE),VLOOKUP($E78,[1]투입량!$D:$I,5,FALSE))) -> 46 | X78: =IF(L78="비가동",0,(W78*1.1)*H78) -> 5211.8 | Y78: =IF(V78=0,0,VLOOKUP(V78,[1]원재료!C:H,3,0)*0.001) -> 10.45 | Z78: =Y78*X78 -> 54463.31 | AB78: 1공장
A79: 46146 | B79: PRESS | C79: S | D79: PS05-1 | E79: 682622 | F79: =VLOOKUP(표1[[#This Row],[품번]],[1]!품번구분[#Data],2,0) -> S | G79: 1152 | H79: 102 | J79: =표1[[#This Row],[C/V]]*표1[[#This Row],[판수]]-표1[[#This Row],[불량수량]] -> 117504 | K79: 치그엉 | L79: 연장 | M79: 0.33333333 | N79: 0.83333333 | O79: 620 | P79: 0 | R79: =IF(H79=0,"",H79/O79*60) -> 9.8709677 | S79: =SUMIFS(H:H,$A:$A,A79,$D:$D,D79,$E:$E,E79) -> 208 | T79: =IF(L79="비가동",0,VLOOKUP(E79,[1]단가!$D$4:$G$1048576,4,0)) -> 7.47 | U79: =IF(L79="비가동",0,T79*J79) -> 877754.88 | V79: =IF($L79="비가동",0,IF($B79="in",VLOOKUP($E79,[1]투입량!$M:$T,3,FALSE),VLOOKUP($E79,[1]투입량!$D:$I,3,FALSE))) -> SI4021 | W79: =IF($L79="비가동",0,IF($B79="in",VLOOKUP($E79,[1]투입량!$M:$T,6,FALSE),VLOOKUP($E79,[1]투입량!$D:$I,5,FALSE))) -> 252 | X79: =IF(L79="비가동",0,(W79*1.1)*H79) -> 28274.4 | Y79: =IF(V79=0,0,VLOOKUP(V79,[1]원재료!C:H,3,0)*0.001) -> 8.8 | Z79: =Y79*X79 -> 248814.72 | AB79: 1공장
A80: 46146 | B80: PRESS | C80: S | D80: PS05-2 | E80: 430001 | F80: =VLOOKUP(표1[[#This Row],[품번]],[1]!품번구분[#Data],2,0) -> G | G80: 1600 | H80: 26 | J80: =표1[[#This Row],[C/V]]*표1[[#This Row],[판수]]-표1[[#This Row],[불량수량]] -> 41600 | K80: 티엔씨(C) | L80: 연장 | M80: 0.33333333 | N80: 0.47222222 | O80: 150 | P80: 50 | R80: =IF(H80=0,"",H80/O80*60) -> 10.4 | S80: =SUMIFS(H:H,$A:$A,A80,$D:$D,D80,$E:$E,E80) -> 26 | T80: =IF(L80="비가동",0,VLOOKUP(E80,[1]단가!$D$4:$G$1048576,4,0)) -> 15.5 | U80: =IF(L80="비가동",0,T80*J80) -> 644800 | V80: =IF($L80="비가동",0,IF($B80="in",VLOOKUP($E80,[1]투입량!$M:$T,3,FALSE),VLOOKUP($E80,[1]투입량!$D:$I,3,FALSE))) -> Q4007 | W80: =IF($L80="비가동",0,IF($B80="in",VLOOKUP($E80,[1]투입량!$M:$T,6,FALSE),VLOOKUP($E80,[1]투입량!$D:$I,5,FALSE))) -> 76 | X80: =IF(L80="비가동",0,(W80*1.1)*H80) -> 2173.6 | Y80: =IF(V80=0,0,VLOOKUP(V80,[1]원재료!C:H,3,0)*0.001) -> 6.8 | Z80: =Y80*X80 -> 14780.48 | AB80: 1공장
A81: 46146 | B81: PRESS | C81: S | D81: PS05-2 | E81: 430001 | F81: =VLOOKUP(표1[[#This Row],[품번]],[1]!품번구분[#Data],2,0) -> G | J81: =표1[[#This Row],[C/V]]*표1[[#This Row],[판수]]-표1[[#This Row],[불량수량]] -> 0 | K81: 티엔씨(C) | L81: 비가동 | M81: 0.4375 | N81: 0.47222222 | O81: 50 | P81: 0 | Q81: 금형교체 | R81: =IF(H81=0,"",H81/O81*60) | S81: =SUMIFS(H:H,$A:$A,A81,$D:$D,D81,$E:$E,E81) -> 26 | T81: =IF(L81="비가동",0,VLOOKUP(E81,[1]단가!$D$4:$G$1048576,4,0)) -> 0 | U81: =IF(L81="비가동",0,T81*J81) -> 0 | V81: =IF($L81="비가동",0,IF($B81="in",VLOOKUP($E81,[1]투입량!$M:$T,3,FALSE),VLOOKUP($E81,[1]투입량!$D:$I,3,FALSE))) -> 0 | W81: =IF($L81="비가동",0,IF($B81="in",VLOOKUP($E81,[1]투입량!$M:$T,6,FALSE),VLOOKUP($E81,[1]투입량!$D:$I,5,FALSE))) -> 0 | X81: =IF(L81="비가동",0,(W81*1.1)*H81) -> 0 | Y81: =IF(V81=0,0,VLOOKUP(V81,[1]원재료!C:H,3,0)*0.001) -> 0 | Z81: =Y81*X81 -> 0 | AB81: 1공장
A82: 46146 | B82: PRESS | C82: S | D82: PS05-2 | E82: 681159 | F82: =VLOOKUP(표1[[#This Row],[품번]],[1]!품번구분[#Data],2,0) -> S | G82: 1600 | H82: 30 | J82: =표1[[#This Row],[C/V]]*표1[[#This Row],[판수]]-표1[[#This Row],[불량수량]] -> 48000 | K82: 티엔씨(C) | L82: 연장 | M82: 0.47222222 | N82: 0.83333333 | O82: 420 | P82: 0 | R82: =IF(H82=0,"",H82/O82*60) -> 4.2857143 | S82: =SUMIFS(H:H,$A:$A,A82,$D:$D,D82,$E:$E,E82) -> 83 | T82: =IF(L82="비가동",0,VLOOKUP(E82,[1]단가!$D$4:$G$1048576,4,0)) -> 10.92 | U82: =IF(L82="비가동",0,T82*J82) -> 524160 | V82: =IF($L82="비가동",0,IF($B82="in",VLOOKUP($E82,[1]투입량!$M:$T,3,FALSE),VLOOKUP($E82,[1]투입량!$D:$I,3,FALSE))) -> SI3510 | W82: =IF($L82="비가동",0,IF($B82="in",VLOOKUP($E82,[1]투입량!$M:$T,6,FALSE),VLOOKUP($E82,[1]투입량!$D:$I,5,FALSE))) -> 484 | X82: =IF(L82="비가동",0,(W82*1.1)*H82) -> 15972 | Y82: =IF(V82=0,0,VLOOKUP(V82,[1]원재료!C:H,3,0)*0.001) -> 8.45 | Z82: =Y82*X82 -> 134963.4 | AB82: 1공장
A83: 46146 | B83: PRESS | C83: S | D83: PS05-1 | E83: 682622 | F83: =VLOOKUP(표1[[#This Row],[품번]],[1]!품번구분[#Data],2,0) -> S | G83: 1152 | H83: 106 | J83: =표1[[#This Row],[C/V]]*표1[[#This Row],[판수]]-표1[[#This Row],[불량수량]] -> 122112 | K83: 단민(B) | L83: 야간 | M83: 0.83333333 | N83: 0.33333333 | O83: 660 | P83: 0 | R83: =IF(H83=0,"",H83/O83*60) -> 9.6363636 | S83: =SUMIFS(H:H,$A:$A,A83,$D:$D,D83,$E:$E,E83) -> 208 | T83: =IF(L83="비가동",0,VLOOKUP(E83,[1]단가!$D$4:$G$1048576,4,0)) -> 7.47 | U83: =IF(L83="비가동",0,T83*J83) -> 912176.64 | V83: =IF($L83="비가동",0,IF($B83="in",VLOOKUP($E83,[1]투입량!$M:$T,3,FALSE),VLOOKUP($E83,[1]투입량!$D:$I,3,FALSE))) -> SI4021 | W83: =IF($L83="비가동",0,IF($B83="in",VLOOKUP($E83,[1]투입량!$M:$T,6,FALSE),VLOOKUP($E83,[1]투입량!$D:$I,5,FALSE))) -> 252 | X83: =IF(L83="비가동",0,(W83*1.1)*H83) -> 29383.2 | Y83: =IF(V83=0,0,VLOOKUP(V83,[1]원재료!C:H,3,0)*0.001) -> 8.8 | Z83: =Y83*X83 -> 258572.16 | AB83: 1공장
A84: 46146 | B84: PRESS | C84: S | D84: PS05-2 | E84: 681159 | F84: =VLOOKUP(표1[[#This Row],[품번]],[1]!품번구분[#Data],2,0) -> S | G84: 1600 | H84: 53 | J84: =표1[[#This Row],[C/V]]*표1[[#This Row],[판수]]-표1[[#This Row],[불량수량]] -> 84800 | K84: 안득 | L84: 야간 | M84: 0.83333333 | N84: 0.33333333 | O84: 660 | P84: 0 | R84: =IF(H84=0,"",H84/O84*60) -> 4.8181818 | S84: =SUMIFS(H:H,$A:$A,A84,$D:$D,D84,$E:$E,E84) -> 83 | T84: =IF(L84="비가동",0,VLOOKUP(E84,[1]단가!$D$4:$G$1048576,4,0)) -> 10.92 | U84: =IF(L84="비가동",0,T84*J84) -> 926016 | V84: =IF($L84="비가동",0,IF($B84="in",VLOOKUP($E84,[1]투입량!$M:$T,3,FALSE),VLOOKUP($E84,[1]투입량!$D:$I,3,FALSE))) -> SI3510 | W84: =IF($L84="비가동",0,IF($B84="in",VLOOKUP($E84,[1]투입량!$M:$T,6,FALSE),VLOOKUP($E84,[1]투입량!$D:$I,5,FALSE))) -> 484 | X84: =IF(L84="비가동",0,(W84*1.1)*H84) -> 28217.2 | Y84: =IF(V84=0,0,VLOOKUP(V84,[1]원재료!C:H,3,0)*0.001) -> 8.45 | Z84: =Y84*X84 -> 238435.34 | AB84: 1공장
A85: 46146 | B85: PRESS | C85: S | D85: PS06-1 | E85: R603626 | F85: =VLOOKUP(표1[[#This Row],[품번]],[1]!품번구분[#Data],2,0) -> S | G85: 80 | H85: 33 | J85: =표1[[#This Row],[C/V]]*표1[[#This Row],[판수]]-표1[[#This Row],[불량수량]] -> 2640 | K85: 중 | L85: 연장 | M85: 0.33333333 | N85: 0.54166667 | O85: 225 | P85: 15 | R85: =IF(H85=0,"",H85/O85*60) -> 8.8 | S85: =SUMIFS(H:H,$A:$A,A85,$D:$D,D85,$E:$E,E85) -> 33 | T85: =IF(L85="비가동",0,VLOOKUP(E85,[1]단가!$D$4:$G$1048576,4,0)) -> 150 | U85: =IF(L85="비가동",0,T85*J85) -> 396000 | V85: =IF($L85="비가동",0,IF($B85="in",VLOOKUP($E85,[1]투입량!$M:$T,3,FALSE),VLOOKUP($E85,[1]투입량!$D:$I,3,FALSE))) -> SI3020 | W85: =IF($L85="비가동",0,IF($B85="in",VLOOKUP($E85,[1]투입량!$M:$T,6,FALSE),VLOOKUP($E85,[1]투입량!$D:$I,5,FALSE))) -> 18 | X85: =IF(L85="비가동",0,(W85*1.1)*H85) -> 653.4 | Y85: =IF(V85=0,0,VLOOKUP(V85,[1]원재료!C:H,3,0)*0.001) -> 9.85 | Z85: =Y85*X85 -> 6435.99 | AB85: 1공장
A86: 46146 | B86: PRESS | C86: S | D86: PS06-1 | E86: R603626 | F86: =VLOOKUP(표1[[#This Row],[품번]],[1]!품번구분[#Data],2,0) -> S | J86: =표1[[#This Row],[C/V]]*표1[[#This Row],[판수]]-표1[[#This Row],[불량수량]] -> 0 | K86: 중 | L86: 비가동 | M86: 0.48958333 | N86: 0.54166667 | O86: 15 | P86: 0 | Q86: 금형교체 | R86: =IF(H86=0,"",H86/O86*60) | S86: =SUMIFS(H:H,$A:$A,A86,$D:$D,D86,$E:$E,E86) -> 33 | T86: =IF(L86="비가동",0,VLOOKUP(E86,[1]단가!$D$4:$G$1048576,4,0)) -> 0 | U86: =IF(L86="비가동",0,T86*J86) -> 0 | V86: =IF($L86="비가동",0,IF($B86="in",VLOOKUP($E86,[1]투입량!$M:$T,3,FALSE),VLOOKUP($E86,[1]투입량!$D:$I,3,FALSE))) -> 0 | W86: =IF($L86="비가동",0,IF($B86="in",VLOOKUP($E86,[1]투입량!$M:$T,6,FALSE),VLOOKUP($E86,[1]투입량!$D:$I,5,FALSE))) -> 0 | X86: =IF(L86="비가동",0,(W86*1.1)*H86) -> 0 | Y86: =IF(V86=0,0,VLOOKUP(V86,[1]원재료!C:H,3,0)*0.001) -> 0 | Z86: =Y86*X86 -> 0 | AB86: 1공장
A87: 46146 | B87: PRESS | C87: S | D87: PS06-1 | E87: R603625 | F87: =VLOOKUP(표1[[#This Row],[품번]],[1]!품번구분[#Data],2,0) -> S | G87: 80 | H87: 47 | J87: =표1[[#This Row],[C/V]]*표1[[#This Row],[판수]]-표1[[#This Row],[불량수량]] -> 3760 | K87: 중 | L87: 연장 | M87: 0.54166667 | N87: 0.83333333 | O87: 380 | P87: 0 | R87: =IF(H87=0,"",H87/O87*60) -> 7.4210526 | S87: =SUMIFS(H:H,$A:$A,A87,$D:$D,D87,$E:$E,E87) -> 131 | T87: =IF(L87="비가동",0,VLOOKUP(E87,[1]단가!$D$4:$G$1048576,4,0)) -> 150 | U87: =IF(L87="비가동",0,T87*J87) -> 564000 | V87: =IF($L87="비가동",0,IF($B87="in",VLOOKUP($E87,[1]투입량!$M:$T,3,FALSE),VLOOKUP($E87,[1]투입량!$D:$I,3,FALSE))) -> SI3026 | W87: =IF($L87="비가동",0,IF($B87="in",VLOOKUP($E87,[1]투입량!$M:$T,6,FALSE),VLOOKUP($E87,[1]투입량!$D:$I,5,FALSE))) -> 18 | X87: =IF(L87="비가동",0,(W87*1.1)*H87) -> 930.6 | Y87: =IF(V87=0,0,VLOOKUP(V87,[1]원재료!C:H,3,0)*0.001) -> 8.05 | Z87: =Y87*X87 -> 7491.33 | AB87: 1공장
A88: 46146 | B88: PRESS | C88: S | D88: PS06-2 | E88: R600019 | F88: =VLOOKUP(표1[[#This Row],[품번]],[1]!품번구분[#Data],2,0) -> S | G88: 168 | H88: 79 | I88: 79 | J88: =표1[[#This Row],[C/V]]*표1[[#This Row],[판수]]-표1[[#This Row],[불량수량]] -> 13193 | K88: 중 | L88: 연장 | M88: 0.33333333 | N88: 0.83333333 | O88: 620 | P88: 0 | R88: =IF(H88=0,"",H88/O88*60) -> 7.6451613 | S88: =SUMIFS(H:H,$A:$A,A88,$D:$D,D88,$E:$E,E88) -> 163 | T88: =IF(L88="비가동",0,VLOOKUP(E88,[1]단가!$D$4:$G$1048576,4,0)) -> 12.74 | U88: =IF(L88="비가동",0,T88*J88) -> 168078.82 | V88: =IF($L88="비가동",0,IF($B88="in",VLOOKUP($E88,[1]투입량!$M:$T,3,FALSE),VLOOKUP($E88,[1]투입량!$D:$I,3,FALSE))) -> SI4022-2 | W88: =IF($L88="비가동",0,IF($B88="in",VLOOKUP($E88,[1]투입량!$M:$T,6,FALSE),VLOOKUP($E88,[1]투입량!$D:$I,5,FALSE))) -> 150 | X88: =IF(L88="비가동",0,(W88*1.1)*H88) -> 13035 | Y88: =IF(V88=0,0,VLOOKUP(V88,[1]원재료!C:H,3,0)*0.001) -> 8.75 | Z88: =Y88*X88 -> 114056.25 | AB88: 1공장
A89: 46146 | B89: PRESS | C89: S | D89: PS06-1 | E89: R603625 | F89: =VLOOKUP(표1[[#This Row],[품번]],[1]!품번구분[#Data],2,0) -> S | G89: 80 | H89: 84 | J89: =표1[[#This Row],[C/V]]*표1[[#This Row],[판수]]-표1[[#This Row],[불량수량]] -> 6720 | K89: 반탄(D) | L89: 야간 | M89: 0.83333333 | N89: 0.33333333 | O89: 660 | P89: 0 | R89: =IF(H89=0,"",H89/O89*60) -> 7.6363636 | S89: =SUMIFS(H:H,$A:$A,A89,$D:$D,D89,$E:$E,E89) -> 131 | T89: =IF(L89="비가동",0,VLOOKUP(E89,[1]단가!$D$4:$G$1048576,4,0)) -> 150 | U89: =IF(L89="비가동",0,T89*J89) -> 1008000 | V89: =IF($L89="비가동",0,IF($B89="in",VLOOKUP($E89,[1]투입량!$M:$T,3,FALSE),VLOOKUP($E89,[1]투입량!$D:$I,3,FALSE))) -> SI3026 | W89: =IF($L89="비가동",0,IF($B89="in",VLOOKUP($E89,[1]투입량!$M:$T,6,FALSE),VLOOKUP($E89,[1]투입량!$D:$I,5,FALSE))) -> 18 | X89: =IF(L89="비가동",0,(W89*1.1)*H89) -> 1663.2 | Y89: =IF(V89=0,0,VLOOKUP(V89,[1]원재료!C:H,3,0)*0.001) -> 8.05 | Z89: =Y89*X89 -> 13388.76 | AB89: 1공장
A90: 46146 | B90: PRESS | C90: S | D90: PS06-2 | E90: R600019 | F90: =VLOOKUP(표1[[#This Row],[품번]],[1]!품번구분[#Data],2,0) -> S | G90: 168 | H90: 84 | I90: 84 | J90: =표1[[#This Row],[C/V]]*표1[[#This Row],[판수]]-표1[[#This Row],[불량수량]] -> 14028 | K90: 반탄(D) | L90: 야간 | M90: 0.83333333 | N90: 0.33333333 | O90: 660 | P90: 0 | R90: =IF(H90=0,"",H90/O90*60) -> 7.6363636 | S90: =SUMIFS(H:H,$A:$A,A90,$D:$D,D90,$E:$E,E90) -> 163 | T90: =IF(L90="비가동",0,VLOOKUP(E90,[1]단가!$D$4:$G$1048576,4,0)) -> 12.74 | U90: =IF(L90="비가동",0,T90*J90) -> 178716.72 | V90: =IF($L90="비가동",0,IF($B90="in",VLOOKUP($E90,[1]투입량!$M:$T,3,FALSE),VLOOKUP($E90,[1]투입량!$D:$I,3,FALSE))) -> SI4022-2 | W90: =IF($L90="비가동",0,IF($B90="in",VLOOKUP($E90,[1]투입량!$M:$T,6,FALSE),VLOOKUP($E90,[1]투입량!$D:$I,5,FALSE))) -> 150 | X90: =IF(L90="비가동",0,(W90*1.1)*H90) -> 13860 | Y90: =IF(V90=0,0,VLOOKUP(V90,[1]원재료!C:H,3,0)*0.001) -> 8.75 | Z90: =Y90*X90 -> 121275 | AB90: 1공장
A91: 46146 | B91: PRESS | C91: S | D91: PS07-2 | E91: MQ4PG P4006 | F91: =VLOOKUP(표1[[#This Row],[품번]],[1]!품번구분[#Data],2,0) -> G | G91: 6 | H91: 93 | J91: =표1[[#This Row],[C/V]]*표1[[#This Row],[판수]]-표1[[#This Row],[불량수량]] -> 558 | K91: 부하이 | L91: 연장 | M91: 0.33333333 | N91: 0.83333333 | O91: 620 | P91: 0 | R91: =IF(H91=0,"",H91/O91*60) -> 9 | S91: =SUMIFS(H:H,$A:$A,A91,$D:$D,D91,$E:$E,E91) -> 191 | T91: =IF(L91="비가동",0,VLOOKUP(E91,[1]단가!$D$4:$G$1048576,4,0)) -> 700 | U91: =IF(L91="비가동",0,T91*J91) -> 390600 | V91: =IF($L91="비가동",0,IF($B91="in",VLOOKUP($E91,[1]투입량!$M:$T,3,FALSE),VLOOKUP($E91,[1]투입량!$D:$I,3,FALSE))) -> Q5009 | W91: =IF($L91="비가동",0,IF($B91="in",VLOOKUP($E91,[1]투입량!$M:$T,6,FALSE),VLOOKUP($E91,[1]투입량!$D:$I,5,FALSE))) -> 28 | X91: =IF(L91="비가동",0,(W91*1.1)*H91) -> 2864.4 | Y91: =IF(V91=0,0,VLOOKUP(V91,[1]원재료!C:H,3,0)*0.001) -> 8.14 | Z91: =Y91*X91 -> 23316.216 | AB91: 1공장
A92: 46146 | B92: PRESS | C92: S | D92: PS07-3 | E92: MQ4PG P4006 | F92: =VLOOKUP(표1[[#This Row],[품번]],[1]!품번구분[#Data],2,0) -> G | G92: 2 | H92: 93 | J92: =표1[[#This Row],[C/V]]*표1[[#This Row],[판수]]-표1[[#This Row],[불량수량]] -> 186 | K92: 부하이 | L92: 연장 | M92: 0.33333333 | N92: 0.83333333 | O92: 620 | P92: 0 | R92: =IF(H92=0,"",H92/O92*60) -> 9 | S92: =SUMIFS(H:H,$A:$A,A92,$D:$D,D92,$E:$E,E92) -> 191 | T92: =IF(L92="비가동",0,VLOOKUP(E92,[1]단가!$D$4:$G$1048576,4,0)) -> 700 | U92: =IF(L92="비가동",0,T92*J92) -> 130200 | V92: =IF($L92="비가동",0,IF($B92="in",VLOOKUP($E92,[1]투입량!$M:$T,3,FALSE),VLOOKUP($E92,[1]투입량!$D:$I,3,FALSE))) -> Q5009 | W92: =IF($L92="비가동",0,IF($B92="in",VLOOKUP($E92,[1]투입량!$M:$T,6,FALSE),VLOOKUP($E92,[1]투입량!$D:$I,5,FALSE))) -> 28 | X92: =IF(L92="비가동",0,(W92*1.1)*H92) -> 2864.4 | Y92: =IF(V92=0,0,VLOOKUP(V92,[1]원재료!C:H,3,0)*0.001) -> 8.14 | Z92: =Y92*X92 -> 23316.216 | AB92: 1공장
A93: 46146 | B93: PRESS | C93: S | D93: PS07-2 | E93: MQ4PG P4006 | F93: =VLOOKUP(표1[[#This Row],[품번]],[1]!품번구분[#Data],2,0) -> G | G93: 6 | H93: 98 | J93: =표1[[#This Row],[C/V]]*표1[[#This Row],[판수]]-표1[[#This Row],[불량수량]] -> 588 | K93: 반안(D) | L93: 야간 | M93: 0.83333333 | N93: 0.33333333 | O93: 660 | P93: 0 | R93: =IF(H93=0,"",H93/O93*60) -> 8.9090909 | S93: =SUMIFS(H:H,$A:$A,A93,$D:$D,D93,$E:$E,E93) -> 191 | T93: =IF(L93="비가동",0,VLOOKUP(E93,[1]단가!$D$4:$G$1048576,4,0)) -> 700 | U93: =IF(L93="비가동",0,T93*J93) -> 411600 | V93: =IF($L93="비가동",0,IF($B93="in",VLOOKUP($E93,[1]투입량!$M:$T,3,FALSE),VLOOKUP($E93,[1]투입량!$D:$I,3,FALSE))) -> Q5009 | W93: =IF($L93="비가동",0,IF($B93="in",VLOOKUP($E93,[1]투입량!$M:$T,6,FALSE),VLOOKUP($E93,[1]투입량!$D:$I,5,FALSE))) -> 28 | X93: =IF(L93="비가동",0,(W93*1.1)*H93) -> 3018.4 | Y93: =IF(V93=0,0,VLOOKUP(V93,[1]원재료!C:H,3,0)*0.001) -> 8.14 | Z93: =Y93*X93 -> 24569.776 | AB93: 1공장
A94: 46146 | B94: PRESS | C94: S | D94: PS07-3 | E94: MQ4PG P4006 | F94: =VLOOKUP(표1[[#This Row],[품번]],[1]!품번구분[#Data],2,0) -> G | G94: 2 | H94: 98 | J94: =표1[[#This Row],[C/V]]*표1[[#This Row],[판수]]-표1[[#This Row],[불량수량]] -> 196 | K94: 반안(D) | L94: 야간 | M94: 0.83333333 | N94: 0.33333333 | O94: 660 | P94: 0 | R94: =IF(H94=0,"",H94/O94*60) -> 8.9090909 | S94: =SUMIFS(H:H,$A:$A,A94,$D:$D,D94,$E:$E,E94) -> 191 | T94: =IF(L94="비가동",0,VLOOKUP(E94,[1]단가!$D$4:$G$1048576,4,0)) -> 700 | U94: =IF(L94="비가동",0,T94*J94) -> 137200 | V94: =IF($L94="비가동",0,IF($B94="in",VLOOKUP($E94,[1]투입량!$M:$T,3,FALSE),VLOOKUP($E94,[1]투입량!$D:$I,3,FALSE))) -> Q5009 | W94: =IF($L94="비가동",0,IF($B94="in",VLOOKUP($E94,[1]투입량!$M:$T,6,FALSE),VLOOKUP($E94,[1]투입량!$D:$I,5,FALSE))) -> 28 | X94: =IF(L94="비가동",0,(W94*1.1)*H94) -> 3018.4 | Y94: =IF(V94=0,0,VLOOKUP(V94,[1]원재료!C:H,3,0)*0.001) -> 8.14 | Z94: =Y94*X94 -> 24569.776 | AB94: 1공장
A95: 46146 | B95: PRESS | C95: S | D95: PS08-2 | E95: 680275 | F95: =VLOOKUP(표1[[#This Row],[품번]],[1]!품번구분[#Data],2,0) -> S | G95: 400 | H95: 86 | J95: =표1[[#This Row],[C/V]]*표1[[#This Row],[판수]]-표1[[#This Row],[불량수량]] -> 34400 | K95: 히우 | L95: 연장 | M95: 0.33333333 | N95: 0.83333333 | O95: 620 | P95: 0 | R95: =IF(H95=0,"",H95/O95*60) -> 8.3225806 | S95: =SUMIFS(H:H,$A:$A,A95,$D:$D,D95,$E:$E,E95) -> 177 | T95: =IF(L95="비가동",0,VLOOKUP(E95,[1]단가!$D$4:$G$1048576,4,0)) -> 10.58 | U95: =IF(L95="비가동",0,T95*J95) -> 363952 | V95: =IF($L95="비가동",0,IF($B95="in",VLOOKUP($E95,[1]투입량!$M:$T,3,FALSE),VLOOKUP($E95,[1]투입량!$D:$I,3,FALSE))) -> SI4021 | W95: =IF($L95="비가동",0,IF($B95="in",VLOOKUP($E95,[1]투입량!$M:$T,6,FALSE),VLOOKUP($E95,[1]투입량!$D:$I,5,FALSE))) -> 37 | X95: =IF(L95="비가동",0,(W95*1.1)*H95) -> 3500.2 | Y95: =IF(V95=0,0,VLOOKUP(V95,[1]원재료!C:H,3,0)*0.001) -> 8.8 | Z95: =Y95*X95 -> 30801.76 | AB95: 1공장
A96: 46146 | B96: PRESS | C96: S | D96: PS08-3 | E96: 682027 | F96: =VLOOKUP(표1[[#This Row],[품번]],[1]!품번구분[#Data],2,0) -> S | G96: 400 | H96: 86 | I96: 344 | J96: =표1[[#This Row],[C/V]]*표1[[#This Row],[판수]]-표1[[#This Row],[불량수량]] -> 34056 | K96: 히우 | L96: 연장 | M96: 0.33333333 | N96: 0.83333333 | O96: 620 | P96: 0 | R96: =IF(H96=0,"",H96/O96*60) -> 8.3225806 | S96: =SUMIFS(H:H,$A:$A,A96,$D:$D,D96,$E:$E,E96) -> 177 | T96: =IF(L96="비가동",0,VLOOKUP(E96,[1]단가!$D$4:$G$1048576,4,0)) -> 14.6 | U96: =IF(L96="비가동",0,T96*J96) -> 497217.6 | V96: =IF($L96="비가동",0,IF($B96="in",VLOOKUP($E96,[1]투입량!$M:$T,3,FALSE),VLOOKUP($E96,[1]투입량!$D:$I,3,FALSE))) -> SI4023 | W96: =IF($L96="비가동",0,IF($B96="in",VLOOKUP($E96,[1]투입량!$M:$T,6,FALSE),VLOOKUP($E96,[1]투입량!$D:$I,5,FALSE))) -> 240 | X96: =IF(L96="비가동",0,(W96*1.1)*H96) -> 22704 | Y96: =IF(V96=0,0,VLOOKUP(V96,'[1]원재료 (2)'!C:H,3,0)*0.001) -> 9.3 | Z96: =Y96*X96 -> 211147.2 | AB96: 1공장
A97: 46146 | B97: PRESS | C97: S | D97: PS08-2 | E97: 680275 | F97: =VLOOKUP(표1[[#This Row],[품번]],[1]!품번구분[#Data],2,0) -> S | G97: 400 | H97: 91 | J97: =표1[[#This Row],[C/V]]*표1[[#This Row],[판수]]-표1[[#This Row],[불량수량]] -> 36400 | K97: 이소명 | L97: 야간 | M97: 0.83333333 | N97: 0.33333333 | O97: 660 | P97: 0 | R97: =IF(H97=0,"",H97/O97*60) -> 8.2727273 | S97: =SUMIFS(H:H,$A:$A,A97,$D:$D,D97,$E:$E,E97) -> 177 | T97: =IF(L97="비가동",0,VLOOKUP(E97,[1]단가!$D$4:$G$1048576,4,0)) -> 10.58 | U97: =IF(L97="비가동",0,T97*J97) -> 385112 | V97: =IF($L97="비가동",0,IF($B97="in",VLOOKUP($E97,[1]투입량!$M:$T,3,FALSE),VLOOKUP($E97,[1]투입량!$D:$I,3,FALSE))) -> SI4021 | W97: =IF($L97="비가동",0,IF($B97="in",VLOOKUP($E97,[1]투입량!$M:$T,6,FALSE),VLOOKUP($E97,[1]투입량!$D:$I,5,FALSE))) -> 37 | X97: =IF(L97="비가동",0,(W97*1.1)*H97) -> 3703.7 | Y97: =IF(V97=0,0,VLOOKUP(V97,[1]원재료!C:H,3,0)*0.001) -> 8.8 | Z97: =Y97*X97 -> 32592.56 | AB97: 1공장
A98: 46146 | B98: PRESS | C98: S | D98: PS08-3 | E98: 682027 | F98: =VLOOKUP(표1[[#This Row],[품번]],[1]!품번구분[#Data],2,0) -> S | G98: 400 | H98: 91 | I98: 364 | J98: =표1[[#This Row],[C/V]]*표1[[#This Row],[판수]]-표1[[#This Row],[불량수량]] -> 36036 | K98: 이소명 | L98: 야간 | M98: 0.83333333 | N98: 0.33333333 | O98: 660 | P98: 0 | R98: =IF(H98=0,"",H98/O98*60) -> 8.2727273 | S98: =SUMIFS(H:H,$A:$A,A98,$D:$D,D98,$E:$E,E98) -> 177 | T98: =IF(L98="비가동",0,VLOOKUP(E98,[1]단가!$D$4:$G$1048576,4,0)) -> 14.6 | U98: =IF(L98="비가동",0,T98*J98) -> 526125.6 | V98: =IF($L98="비가동",0,IF($B98="in",VLOOKUP($E98,[1]투입량!$M:$T,3,FALSE),VLOOKUP($E98,[1]투입량!$D:$I,3,FALSE))) -> SI4023 | W98: =IF($L98="비가동",0,IF($B98="in",VLOOKUP($E98,[1]투입량!$M:$T,6,FALSE),VLOOKUP($E98,[1]투입량!$D:$I,5,FALSE))) -> 240 | X98: =IF(L98="비가동",0,(W98*1.1)*H98) -> 24024 | Y98: =IF(V98=0,0,VLOOKUP(V98,'[1]원재료 (2)'!C:H,3,0)*0.001) -> 9.3 | Z98: =Y98*X98 -> 223423.2 | AB98: 1공장
A99: 46146 | B99: PRESS | C99: S | D99: PS09-2 | E99: 681371 | F99: =VLOOKUP(표1[[#This Row],[품번]],[1]!품번구분[#Data],2,0) -> S | G99: 400 | H99: 103 | I99: 206 | J99: =표1[[#This Row],[C/V]]*표1[[#This Row],[판수]]-표1[[#This Row],[불량수량]] -> 40994 | K99: 반훙(B) | L99: 연장 | M99: 0.33333333 | N99: 0.83333333 | O99: 620 | P99: 0 | R99: =IF(H99=0,"",H99/O99*60) -> 9.9677419 | S99: =SUMIFS(H:H,$A:$A,A99,$D:$D,D99,$E:$E,E99) -> 211 | T99: =IF(L99="비가동",0,VLOOKUP(E99,[1]단가!$D$4:$G$1048576,4,0)) -> 11.89 | U99: =IF(L99="비가동",0,T99*J99) -> 487418.66 | V99: =IF($L99="비가동",0,IF($B99="in",VLOOKUP($E99,[1]투입량!$M:$T,3,FALSE),VLOOKUP($E99,[1]투입량!$D:$I,3,FALSE))) -> SI4023 | W99: =IF($L99="비가동",0,IF($B99="in",VLOOKUP($E99,[1]투입량!$M:$T,6,FALSE),VLOOKUP($E99,[1]투입량!$D:$I,5,FALSE))) -> 169.5 | X99: =IF(L99="비가동",0,(W99*1.1)*H99) -> 19204.35 | Y99: =IF(V99=0,0,VLOOKUP(V99,'[1]원재료 (2)'!C:H,3,0)*0.001) -> 9.3 | Z99: =Y99*X99 -> 178600.46 | AB99: 1공장
A100: 46146 | B100: PRESS | C100: S | D100: PS09-3 | E100: 680772 | F100: =VLOOKUP(표1[[#This Row],[품번]],[1]!품번구분[#Data],2,0) -> S | G100: 324 | H100: 103 | I100: 103 | J100: =표1[[#This Row],[C/V]]*표1[[#This Row],[판수]]-표1[[#This Row],[불량수량]] -> 33269 | K100: 반훙(B) | L100: 연장 | M100: 0.33333333 | N100: 0.83333333 | O100: 620 | P100: 0 | R100: =IF(H100=0,"",H100/O100*60) -> 9.9677419 | S100: =SUMIFS(H:H,$A:$A,A100,$D:$D,D100,$E:$E,E100) -> 211 | T100: =IF(L100="비가동",0,VLOOKUP(E100,[1]단가!$D$4:$G$1048576,4,0)) -> 8.94 | U100: =IF(L100="비가동",0,T100*J100) -> 297424.86 | V100: =IF($L100="비가동",0,IF($B100="in",VLOOKUP($E100,[1]투입량!$M:$T,3,FALSE),VLOOKUP($E100,[1]투입량!$D:$I,3,FALSE))) -> SI4020 | W100: =IF($L100="비가동",0,IF($B100="in",VLOOKUP($E100,[1]투입량!$M:$T,6,FALSE),VLOOKUP($E100,[1]투입량!$D:$I,5,FALSE))) -> 88 | X100: =IF(L100="비가동",0,(W100*1.1)*H100) -> 9970.4 | Y100: =IF(V100=0,0,VLOOKUP(V100,[1]원재료!C:H,3,0)*0.001) -> 8.7 | Z100: =Y100*X100 -> 86742.48 | AB100: 1공장
...
